"","Sample 1","Sample 2","Sample 3","Sample 4","Sample 5","Sample 6","Sample 7","Sample 8","Sample 9","Sample 10","Sample 11","Sample 12","Sample 13","Sample 14","Sample 15","Sample 16","Sample 17","Sample 18","Sample 19","Sample 20","Sample 21","Sample 22","Sample 23","Sample 24"
"Bacteria",7000,7000,7000,7000,7000,7000,7000,7000,7000,7000,7000,7000,7000,7000,7000,7000,7000,7000,7000,7000,7000,7000,7000,7000
"Bacteria.Acidobacteria",0,0,0,0,0,0,0,0,0,0,0,0,0,0,0,0,1.97219232695415,0,0,0,0,0,0,0
"Bacteria.Acidobacteria.Acidobacteria_Gp4",0,0,0,0,0,0,0,0,0,0,0,0,0,0,0,0,1.97219232695415,0,0,0,0,0,0,0
"Bacteria.Acidobacteria.Acidobacteria_Gp4.Gp4",0,0,0,0,0,0,0,0,0,0,0,0,0,0,0,0,1.97219232695415,0,0,0,0,0,0,0
"Bacteria.Acidobacteria.Acidobacteria_Gp4.Gp4.Gp4U",0,0,0,0,0,0,0,0,0,0,0,0,0,0,0,0,0,0,0,0,0,0,0,0
"Bacteria.Acidobacteria.Acidobacteria_Gp4.Gp4.Gp4U.Gp4UU",0,0,0,0,0,0,0,0,0,0,0,0,0,0,0,0,0,0,0,0,0,0,0,0
"Bacteria.Actinobacteria",205.647809844411,192.660550458716,214.655374781054,569.497200416421,284.092172379827,188.105442258766,165.907111756168,309.731545920497,163.438136884386,35.9951603145796,244.033513041697,130.800355106361,74.3083718799822,369.450237326506,110.879095798858,133.133613116532,77.299911120025,164.767238132665,133.170414823522,267.963496260956,686.701666267931,433.851472689085,90.2220428773793,283.082014319907
"Bacteria.Actinobacteria.Actinobacteria",205.647809844411,192.660550458716,214.655374781054,569.497200416421,284.092172379827,188.105442258766,165.907111756168,309.731545920497,163.438136884386,35.9951603145796,244.033513041697,130.800355106361,74.3083718799822,369.450237326506,110.879095798858,133.133613116532,77.299911120025,164.767238132665,133.170414823522,267.963496260956,686.701666267931,433.851472689085,90.2220428773793,283.082014319907
"Bacteria.Actinobacteria.Actinobacteria.Actinomycetales",199.361632250913,148.200423429781,194.43110204229,525.116532080321,142.950953600985,154.397306559443,77.8567972907596,140.447400655567,138.506895664734,31.7604355716878,147.026289987837,118.843684911394,41.2824288222123,354.190938236978,91.2069981571248,99.981563166559,53.0653443905036,135.037497339163,127.746156463637,218.135735528371,638.51929767348,392.471977035276,74.8064468281764,227.314047195089
"Bacteria.Actinobacteria.Actinobacteria.Actinomycetales.Actinomycetaceae",147.222279239706,122.512350035286,58.1447841239459,307.57904016957,95.7168747430823,50.5622035489852,62.4987905176584,101.423589013661,99.503353845545,14.7791893526921,86.7696137633135,81.7606787994674,31.6085796682072,217.795410745615,86.2710900215627,77.0266124395429,41.7377736312394,90.9300240703444,36.7842670213753,195.230659374289,429.071009183386,312.565663079548,53.8548381977743,158.514488436148
"Bacteria.Actinobacteria.Actinobacteria.Actinomycetales.Actinomycetaceae.Actinobaculum",0,0,0,0,0,0,0,0,0,0,0,0,0,0,0,0,0,0,0,0,0,0,0,0
"Bacteria.Actinobacteria.Actinobacteria.Actinomycetales.Actinomycetaceae.Actinomyces",147.177377971181,44.3613267466478,58.1447841239459,307.349258602741,95.6806800466395,50.5341134359024,55.4547653604257,97.9587088474198,96.8440214487821,6.26739261947973,86.7696137633135,79.3944412196538,31.4847323817406,217.077658529181,70.3068847232111,77.0266124395429,41.6709196540545,90.7903301075797,36.7626132953878,195.061951208029,383.709414206648,303.104805664154,53.4694482965443,158.504955450314
"Bacteria.Actinobacteria.Actinobacteria.Actinomycetales.Actinomycetaceae.ActinomycetaceaeU",0,0,0,0,0,0,0,0,0,0,0,0,0,0,0,0,0,0,0,0,0,0,0,0
"Bacteria.Actinobacteria.Actinobacteria.Actinomycetales.Actinomycetaceae.Mobiluncus",0,77.212420606916,0,0,0,0,6.75616835994195,1.51688302208719,2.43772136369932,8.46944948578342,0,2.35428688496603,0,0,15.338274918842,0,0,0,0,0,44.1546968119444,9.17872449048137,0,0
"Bacteria.Actinobacteria.Actinobacteria.Actinomycetales.ActinomycetalesU",0,0,0,0,0,0,0,0,0,0,0,0,0,0,0,0,0,0,0,0,0,0,0,0
"Bacteria.Actinobacteria.Actinobacteria.Actinomycetales.ActinomycetalesU.ActinomycetalesUU",0,0,0,0,0,0,0,0,0,0,0,0,0,0,0,0,0,0,0,0,0,0,0,0
"Bacteria.Actinobacteria.Actinobacteria.Actinomycetales.Cellulomonadaceae",0,0,0,0,0,0,0,0,0,0,0,0,0,0,0,0,0,0,0,0,0,0,0,0
"Bacteria.Actinobacteria.Actinobacteria.Actinomycetales.Cellulomonadaceae.Cellulomonas",0,0,0,0,0,0,0,0,0,0,0,0,0,0,0,0,0,0,0,0,0,0,0,0
"Bacteria.Actinobacteria.Actinobacteria.Actinomycetales.Corynebacteriaceae",31.3859866989614,4.79181369089626,22.6511854674155,19.6627369329319,1.80973482214185,15.4495621955232,0,15.9352553267685,11.0528502740458,6.35208711433757,0,4.18274319664015,8.25648576444246,12.9591010415885,0.5961241709616,5.10110016155913,5.01404828886649,6.44383176957967,11.3248986914963,10.153877541412,1.40336995906169,5.63638887769314,4.53399883800087,31.7877412611459
"Bacteria.Actinobacteria.Actinobacteria.Actinomycetales.Corynebacteriaceae.CorynebacteriaceaeU",0,0,0,0,0,0,0,0,0,0,0,0,0,0,0,0,0,0,0,0,0,0,0,0
"Bacteria.Actinobacteria.Actinobacteria.Actinomycetales.Corynebacteriaceae.Corynebacterium",31.3590459378464,4.742413549753,22.6006247855685,19.6463239638727,1.80973482214185,15.4495621955232,0,15.9352553267685,11.0528502740458,6.35208711433757,0,4.18274319664015,8.25648576444246,12.9251914880562,0.5961241709616,5.10110016155913,5.00986991529243,6.44383176957967,11.3032449655087,10.149954095685,1.40336995906169,5.61758001603232,4.53399883800087,31.7400763319794
"Bacteria.Actinobacteria.Actinobacteria.Actinomycetales.Dietziaceae",0,0,0,0,0,0,0,0,0,0,0,0,0,0,0,0,0,0,0,0,0,0,0,0
"Bacteria.Actinobacteria.Actinobacteria.Actinomycetales.Dietziaceae.Dietzia",0,0,0,0,0,0,0,0,0,0,0,0,0,0,0,0,0,0,0,0,0,0,0,0
"Bacteria.Actinobacteria.Actinobacteria.Actinomycetales.Kineosporiaceae",0,0,0,0,0,0,0,0,0,0,0,0,0,0,0,0.984512331180913,0,0,0,0,0,0,0,0
"Bacteria.Actinobacteria.Actinobacteria.Actinomycetales.Kineosporiaceae.KineosporiaceaeU",0,0,0,0,0,0,0,0,0,0,0,0,0,0,0,0,0,0,0,0,0,0,0,0
"Bacteria.Actinobacteria.Actinobacteria.Actinomycetales.Microbacteriaceae",0,0,0,0,0,0,0,0,0,0,0,0,0,0,0,0,0,0,0,0,0,0,0,0
"Bacteria.Actinobacteria.Actinobacteria.Actinomycetales.Microbacteriaceae.MicrobacteriaceaeU",0,0,0,0,0,0,0,0,0,0,0,0,0,0,0,0,0,0,0,0,0,0,0,0
"Bacteria.Actinobacteria.Actinobacteria.Actinomycetales.Micrococcaceae",17.9605074099922,19.7600564573042,106.126871196663,188.240342140064,44.9719103302249,85.6186646762815,11.8529269472666,22.3540655886533,27.7013791329468,10.5868118572293,59.533596109829,30.3368388704886,1.37608096074041,119.531176201306,2.3844966838464,13.2628604200537,2.50702414443324,35.4464475774099,76.8220063723822,6.54430747259473,195.957225283648,63.2918194886677,14.8896521839949,35.7105649315498
"Bacteria.Actinobacteria.Actinobacteria.Actinomycetales.Micrococcaceae.MicrococcaceaeU",0,0,0,0,0,0,0,0,0,0,0,0,0,0,0,0,0,0,0,0,0,0,0,0
"Bacteria.Actinobacteria.Actinobacteria.Actinomycetales.Micrococcaceae.Micrococcus",0,0,0,0,0,0,0,0,0,0,0,0,0,0,0,0,0,0,0,0,0,0,0,0
"Bacteria.Actinobacteria.Actinobacteria.Actinomycetales.Micrococcaceae.Rothia",17.9605074099922,19.7600564573042,105.242059264342,184.777205668571,44.4651845800252,84.8602316230467,11.8359941944848,22.2582624504162,27.7013791329468,10.5656382335148,58.7562849865326,28.8908047939359,1.37608096074041,118.886894684193,2.37257420042717,13.2424560194075,2.4735971558408,35.2816803392772,74.2668667058496,6.09703465971955,195.068424309575,62.0316257573926,14.7627002165308,35.3626109486342
"Bacteria.Actinobacteria.Actinobacteria.Actinomycetales.Mycobacteriaceae",0,0,0,0,0,0,0,0,0,0,0,0,0,0,0,0,0,0,0,0,0.467789986353898,0,0,0
"Bacteria.Actinobacteria.Actinobacteria.Actinomycetales.Mycobacteriaceae.Mycobacterium",0,0,0,0,0,0,0,0,0,0,0,0,0,0,0,0,0,0,0,0,0.467789986353898,0,0,0
"Bacteria.Actinobacteria.Actinobacteria.Actinomycetales.Propionibacteriaceae",2.68509585779384,0,5.05606818469095,1.64129690592086,0,1.40450565413848,3.35268505079826,0,0,0,0,0.597534742377164,0,0.565159225538092,1.7883725128848,3.55036571244516,3.76053621664986,2.14913788868694,2.16537259875646,5.88516859046289,4.67789986353898,10.6583549411327,0.906799767600174,0.953298583330213
"Bacteria.Actinobacteria.Actinobacteria.Actinomycetales.Propionibacteriaceae.PropionibacteriaceaeU",0,0,0,0,0,0,0,0,0,0,0,0,0,0,0,0,0,0,0,0,0,0,0,0
"Bacteria.Actinobacteria.Actinobacteria.Actinomycetales.Propionibacteriaceae.Propionibacterium",1.78707048729422,0,2.52803409234547,0,0,0,0,0,0,0,0,0,0,0,1.7883725128848,3.04025569628924,3.76053621664986,0.35818964811449,2.16537259875646,3.13875658158021,2.32491623217887,10.6583549411327,0,0.953298583330213
"Bacteria.Actinobacteria.Actinobacteria.Bifidobacteriales",0,4.94001411432604,2.52803409234547,0,0,0,0,3.19343794123618,0,0,3.6154005734714,0,0,0,0,0,0,0.35818964811449,0,0.392344572697526,0,0,0,0.476649291665106
"Bacteria.Actinobacteria.Actinobacteria.Bifidobacteriales.Bifidobacteriaceae",0,4.94001411432604,2.52803409234547,0,0,0,0,3.19343794123618,0,0,3.6154005734714,0,0,0,0,0,0,0.35818964811449,0,0.392344572697526,0,0,0,0.476649291665106
"Bacteria.Actinobacteria.Actinobacteria.Bifidobacteriales.Bifidobacteriaceae.Alloscardovia",0,0,0,0,0,0,0,0,0,0,0.602566762245233,0,0,0,0,0,0,0,0,0,0,0,0,0
"Bacteria.Actinobacteria.Actinobacteria.Bifidobacteriales.Bifidobacteriaceae.BifidobacteriaceaeU",0,0,0,0,0,0,0,0,0,0,0,0,0,0,0,0,0,0,0,0,0,0,0,0
"Bacteria.Actinobacteria.Actinobacteria.Bifidobacteriales.Bifidobacteriaceae.Bifidobacterium",0,4.94001411432604,0,0,0,0,0,0,0,0,3.01283381122616,0,0,0,0,0,0,0.35818964811449,0,0,0,0,0,0
"Bacteria.Actinobacteria.Actinobacteria.Bifidobacteriales.Bifidobacteriaceae.Gardnerella",0,0,0,0,0,0,0,0,0,0,0,0,0,0,0,0,0,0,0,0,0,0,0,0
"Bacteria.Actinobacteria.Actinobacteria.Bifidobacteriales.Bifidobacteriaceae.Scardovia",0,0,0,0,0,0,0,0,0,0,0,0,0,0,0,0,0,0,0,0,0,0,0,0
"Bacteria.Actinobacteria.Actinobacteria.Coriobacteriales",6.28617759349727,39.5201129146083,17.6709583054949,44.3150164598633,141.141218778843,33.7081356993234,88.0503144654088,166.058772944281,24.9312412196522,4.23472474289171,93.3918224803886,11.9506948475433,33.0259430577699,15.2479959050177,19.6720976417328,33.1520499499728,24.2345667295213,29.3715511453882,5.41343149689114,49.4354161598883,48.1730127947244,41.3794956538095,15.415596049203,55.2913178331523
"Bacteria.Actinobacteria.Actinobacteria.Coriobacteriales.Coriobacteriaceae",6.28617759349727,39.5201129146083,17.6709583054949,44.3150164598633,141.141218778843,33.7081356993234,88.0503144654088,166.058772944281,24.9312412196522,4.23472474289171,93.3918224803886,11.9506948475433,33.0259430577699,15.2479959050177,19.6720976417328,33.1520499499728,24.2345667295213,29.3715511453882,5.41343149689114,49.4354161598883,48.1730127947244,41.3794956538095,15.415596049203,55.2913178331523
"Bacteria.Actinobacteria.Actinobacteria.Coriobacteriales.Coriobacteriaceae.Atopobium",6.28617759349727,39.5201129146083,17.6709583054949,42.6737195539424,141.086926734178,33.694090642782,88.0503144654088,166.026838564869,24.9312412196522,4.23472474289171,93.3918224803886,11.9506948475433,33.0259430577699,15.2423443127623,19.6661364000232,33.1469488498112,24.2345667295213,28.651589952678,4.87208834720203,48.2583824417957,47.2374328220166,41.3794956538095,14.5087962816028,55.2913178331523
"Bacteria.Actinobacteria.Actinobacteria.Coriobacteriales.Coriobacteriaceae.Collinsella",0,0,0,0,0,0,0,0,0,0,0,0,0,0,0,0,0,0.716379296228979,0.535929718192223,1.17703371809258,0,0,0,0
"Bacteria.Actinobacteria.Actinobacteria.Coriobacteriales.Coriobacteriaceae.Cryptobacterium",0,0,0,1.64129690592086,0,0,0,0,0,0,0,0,0,0,0,0,0,0,0,0,0,0,0,0
"Bacteria.Actinobacteria.Actinobacteria.Coriobacteriales.Coriobacteriaceae.Olsenella",0,0,0,0,0,0,0,0,0,0,0,0,0,0,0,0,0,0,0,0,0.935579972707796,0,0.906799767600174,0
"Bacteria.Actinobacteria.Actinobacteria.Coriobacteriales.Coriobacteriaceae.Slackia",0,0,0,0,0,0,0,0,0,0,0,0,0,0,0,0,0,0,0,0,0,0,0,0
"Bacteria.BacteriaU",0,0,0,0,0,0,0,0,0,0,0,0,0,0,0,0,0,0,0,0,0,0,0,0
"Bacteria.BacteriaU.BacteriaUU",0,0,0,0,0,0,0,0,0,0,0,0,0,0,0,0,0,0,0,0,0,0,0,0
"Bacteria.BacteriaU.BacteriaUU.BacteriaUUU",0,0,0,0,0,0,0,0,0,0,0,0,0,0,0,0,0,0,0,0,0,0,0,0
"Bacteria.BacteriaU.BacteriaUU.BacteriaUUU.BacteriaUUUU",0,0,0,0,0,0,0,0,0,0,0,0,0,0,0,0,0,0,0,0,0,0,0,0
"Bacteria.BacteriaU.BacteriaUU.BacteriaUUU.BacteriaUUUU.BacteriaUUUUU",0,0,0,0,0,0,0,0,0,0,0,0,0,0,0,0,0,0,0,0,0,0,0,0
"Bacteria.Bacteroidetes",1923.30093599902,2479.6894848271,1083.41429061558,1560.59433705673,2142.00213548709,1682.87867478872,1776.94000967586,1745.93235842235,2171.9266309187,807.011494252874,1743.09910415539,1653.16949499778,1534.93574684828,1701.9600529312,1279.25266467505,1082.44835318269,936.837317412536,2097.47977763586,958.020385436323,2099.45150228735,1190.21209597981,1088.15534328412,1353.83391703171,2581.32760446277
"Bacteria.Bacteroidetes.BacteroidetesU",0,0,0,0,0,0,0,0,0,0,0,0,0,0,0,0,0,0,0,0,0,0,0,0
"Bacteria.Bacteroidetes.BacteroidetesU.BacteroidetesUU",0,0,0,0,0,0,0,0,0,0,0,0,0,0,0,0,0,0,0,0,0,0,0,0
"Bacteria.Bacteroidetes.BacteroidetesU.BacteroidetesUU.BacteroidetesUUU",0,0,0,0,0,0,0,0,0,0,0,0,0,0,0,0,0,0,0,0,0,0,0,0
"Bacteria.Bacteroidetes.BacteroidetesU.BacteroidetesUU.BacteroidetesUUU.BacteroidetesUUUU",0,0,0,0,0,0,0,0,0,0,0,0,0,0,0,0,0,0,0,0,0,0,0,0
"Bacteria.Bacteroidetes.Bacteroidia",1656.5335194384,2390.22582921665,872.298163563806,1439.87694962625,2113.15496242215,1425.93841042063,1690.78616352201,1684.20320301826,2026.49439047073,555.29945553539,1529.71213664148,1465.38225151091,1456.47161046687,1648.3433972044,1039.24115096249,948.947460854524,898.981252831595,1953.14725892813,793.484548519814,1976.85167021083,1067.38447926287,1046.05484126664,1269.59221862165,2454.10037553152
"Bacteria.Bacteroidetes.Bacteroidia.Bacteroidales",1656.5335194384,2390.22582921665,872.298163563806,1439.87694962625,2113.15496242215,1425.93841042063,1690.78616352201,1684.20320301826,2026.49439047073,555.29945553539,1529.71213664148,1465.38225151091,1456.47161046687,1648.3433972044,1039.24115096249,948.947460854524,898.981252831595,1953.14725892813,793.484548519814,1976.85167021083,1067.38447926287,1046.05484126664,1269.59221862165,2454.10037553152
"Bacteria.Bacteroidetes.Bacteroidia.Bacteroidales.Bacteroidaceae",1.79605074099922,4.94001411432604,2.52803409234547,4.92389071776259,0,26.6856074286311,74.5041122399613,7.16926817807522,8.31041373988405,0,4.82053409796186,0.997883019769864,1.37608096074041,10.059834214578,0,20.4044006462365,3.76053621664986,25.3813184653927,91.3841370990194,3.92344572697526,5.61347983624677,0,0.389923900068075,2.55960669624162
"Bacteria.Bacteroidetes.Bacteroidia.Bacteroidales.Bacteroidaceae.Bacteroides",1.79605074099922,4.94001411432604,2.52803409234547,4.92389071776259,0,26.6856074286311,74.5041122399613,7.16926817807522,8.31041373988405,0,4.82053409796186,0.997883019769864,1.37608096074041,10.059834214578,0,20.4044006462365,3.76053621664986,25.3813184653927,91.3841370990194,3.92344572697526,5.61347983624677,0,0.389923900068075,2.55960669624162
"Bacteria.Bacteroidetes.Bacteroidia.Bacteroidales.Bacteroidales_incertae_sedis",1.79605074099922,0,0,0,0,0,0,0,0,0,0,0.597534742377164,0,0,0,0,0,0,0,0.784689145395052,0,3.7617723321645,0,0
"Bacteria.Bacteroidetes.Bacteroidia.Bacteroidales.Bacteroidales_incertae_sedis.Phocaeicola",1.79605074099922,0,0,0,0,0,0,0,0,0,0,0.597534742377164,0,0,0,0,0,0,0,0.784689145395052,0,3.7617723321645,0,0
"Bacteria.Bacteroidetes.Bacteroidia.Bacteroidales.BacteroidalesU",0,0,0,0,0,0,0,0,0,0,0,0,0,0,0,0,0,0,0,0,0,0,0,0
"Bacteria.Bacteroidetes.Bacteroidia.Bacteroidales.BacteroidalesU.BacteroidalesUU",0,0,0,0,0,0,0,0,0,0,0,0,0,0,0,0,0,0,0,0,0,0,0,0
"Bacteria.Bacteroidetes.Bacteroidia.Bacteroidales.Porphyromonadaceae",585.422739028696,202.342978122795,220.69737626176,124.393892499742,1.79163747392043,410.073515838811,54.100145137881,110.173608972648,187.981558796177,168.626739261948,5.42310086020709,524.695257281388,293.050201399278,113.613959109923,224.762657419362,210.53770696803,27.8655733653755,698.401757790113,118.884369103226,312.302356421504,48.6501585808054,146.383100685628,300.332083029178,77.3363475726635
"Bacteria.Bacteroidetes.Bacteroidia.Bacteroidales.Porphyromonadaceae.Barnesiella",0,0,0,0,0,0,1.69327527818094,0,0,0,0,0,0,0.497340118473521,0.518628028736592,0,0,0,0,1.17703371809258,0,0,0,0
"Bacteria.Bacteroidetes.Bacteroidia.Bacteroidales.Porphyromonadaceae.Butyricimonas",0,0,0,0,0,0,0,0,0,0,0,0,0,0,0,0,0,0,5.95477464658026,0.392344572697526,0,0,0,0
"Bacteria.Bacteroidetes.Bacteroidia.Bacteroidales.Porphyromonadaceae.Dysgonomonas",0,0,0,0,0,0,0,0,0,0,0,0,0,0,0,0,0,0,0,0,0,0,0,0
"Bacteria.Bacteroidetes.Bacteroidia.Bacteroidales.Porphyromonadaceae.Odoribacter",0,0,0,0,0,0,0,0,0,0,0,0,0,0,0,0,0,1.07456894434347,5.95477464658026,0,0,0,0,0
"Bacteria.Bacteroidetes.Bacteroidia.Bacteroidales.Porphyromonadaceae.Parabacteroides",3.59210148199844,0,0,0,0,1.40450565413848,0,0,0,0,0.602566762245233,0,0,4.52127380430474,0,0,0,3.22370683303041,20.0296965384972,0,0,0,0,0
"Bacteria.Bacteroidetes.Bacteroidia.Bacteroidales.Porphyromonadaceae.PorphyromonadaceaeU",0,0,0,0,0,0,0,0,0,0,0,0,0,0,0,0,0,0,0,0,0,0,0,0
"Bacteria.Bacteroidetes.Bacteroidia.Bacteroidales.Porphyromonadaceae.Porphyromonas",566.546245740795,197.551164431898,203.456183751964,96.5739099443835,1.61066399170624,386.154784548833,50.2225447508466,106.740663185819,178.756999544906,143.726557773745,4.80848276271696,494.495851401647,287.917419415716,98.9028644691661,219.97578032654,183.797739921137,25.8557756762548,685.7146804539,73.7742444396325,275.064933026782,45.7358269658206,136.727885033072,295.081712374773,55.2436529039858
"Bacteria.Bacteroidetes.Bacteroidia.Bacteroidales.Porphyromonadaceae.Tannerella",12.2131450387947,0,2.37635204680475,25.8011873610759,0,11.0675045546112,1.52394775036284,3.08166761329291,2.77013791329468,16.9177253478524,0,21.2602861337795,2.6695970638364,0,1.1922483419232,6.04990479160913,0.40948061025743,1.76587496520443,7.50842948618802,27.6445985922677,2.70850402098907,6.20065472751781,1.36019965140026,9.90000578788426
"Bacteria.Bacteroidetes.Bacteroidia.Bacteroidales.Prevotellaceae",1022.50964735827,2132.06069160198,466.927896856209,1245.07141986251,2070.93384902158,800.174961275773,1418.10111272375,1388.76229188479,1344.01551277231,279.513006654567,1514.76245527018,718.033598524943,1041.30798461148,1445.45688682848,690.621774542433,633.342393858859,829.377905834979,1108.10982299291,505.663222693105,1478.42104850164,966.271673712475,833.64009691042,853.543417249016,2037.35160035
"Bacteria.Bacteroidetes.Bacteroidia.Bacteroidales.Prevotellaceae.Hallella",0,0,0,0,0,0,3.36961780358007,0,0,0,0,7.67832143954656,0,0,0,0,0,0,0,0,0,0,0.453399883800087,0
"Bacteria.Bacteroidetes.Bacteroidia.Bacteroidales.Prevotellaceae.Paraprevotella",0,0,0,0,0,0,5.07982583454282,0,0,0,0,0,0,0,0,0,0,0.290133614972737,0,0.714067122309497,0.374231989083118,0,0,0.767405359580821
"Bacteria.Bacteroidetes.Bacteroidia.Bacteroidales.Prevotellaceae.Prevotella",960.060963093724,2118.32745236415,454.71749219018,1225.45792183675,2055.26154546183,776.789942134367,1381.72955974843,1326.10703947774,1197.72452957122,255.650332728373,1505.86856985944,639.338272953871,1017.9283690885,1385.92866560255,662.621822232366,600.282163711794,793.21408255153,1061.12966874621,486.050360379868,1361.19633707107,909.701830662698,792.266870877165,786.485574434983,1735.22268033515
"Bacteria.Bacteroidetes.Bacteroidia.Bacteroidales.Prevotellaceae.PrevotellaceaeU",0,0,0,0,0,0,0,0,0,0,0,0,0,0,0,0,0,0,0,0,0,0,0,0
"Bacteria.Bacteroidetes.Bacteroidia.Bacteroidales.Rikenellaceae",0,0,0,0,0,0,0,0,2.77013791329468,0,0.602566762245233,0,0,0,0,0,0,2.14913788868694,31.9392458316578,0.737607796671349,0,0,0,0
"Bacteria.Bacteroidetes.Bacteroidia.Bacteroidales.Rikenellaceae.Alistipes",0,0,0,0,0,0,0,0,2.77013791329468,0,0.602566762245233,0,0,0,0,0,0,2.14913788868694,31.9392458316578,0.392344572697526,0,0,0,0
"Bacteria.Bacteroidetes.Bacteroidia.Bacteroidales.Rikenellaceae.RikenellaceaeU",0,0,0,0,0,0,0,0,0,0,0,0,0,0,0,0,0,0,0,0,0,0,0,0
"Bacteria.Bacteroidetes.Flavobacteria",253.24315448089,88.9202540578687,178.959533397136,88.6300329197265,25.3362875099859,235.900769669099,82.9535558780842,54.2884450010151,77.5638615722511,230.771324863884,212.103500310322,158.340731382525,70.1113249497239,46.8799577583847,228.315557478293,125.971668489703,33.4228102188692,130.739221561789,156.962446252359,69.4449893674621,121.611362752423,31.3481027680375,75.6543046108825,81.9789116734816
"Bacteria.Bacteroidetes.Flavobacteria.Flavobacteriales",253.24315448089,88.9202540578687,178.959533397136,88.6300329197265,25.3362875099859,235.900769669099,82.9535558780842,54.2884450010151,77.5638615722511,230.771324863884,212.103500310322,158.340731382525,70.1113249497239,46.8799577583847,228.315557478293,125.971668489703,33.4228102188692,130.739221561789,156.962446252359,69.4449893674621,121.611362752423,31.3481027680375,75.6543046108825,81.9789116734816
"Bacteria.Bacteroidetes.Flavobacteria.Flavobacteriales.Flavobacteriaceae",253.234174227185,88.9202540578687,178.833131692519,88.6300329197265,25.3362875099859,235.900769669099,82.9535558780842,54.2884450010151,77.5638615722511,230.750151240169,212.103500310322,158.340731382525,70.1113249497239,46.8799577583847,228.315557478293,125.971668489703,33.4228102188692,130.739221561789,156.951619389365,69.4449893674621,121.611362752423,31.3481027680375,75.6497706120445,81.9789116734816
"Bacteria.Bacteroidetes.Flavobacteria.Flavobacteriales.Flavobacteriaceae.Capnocytophaga",248.232172913502,69.1107974594213,60.6728182162914,82.0648452960431,21.7168178657022,206.644916893394,67.7310111272375,39.8860398860399,74.3505015928293,220.5444646098,206.680399450115,151.164339126575,55.0432384296164,44.0824195919712,216.393074059061,110.306189893555,26.2568995393642,114.978877044751,120.129458347511,65.5176201947599,116.376792805123,26.9593683805122,29.4301864574636,73.8806402080915
"Bacteria.Bacteroidetes.Flavobacteria.Flavobacteriales.Flavobacteriaceae.Cloacibacterium",0,0,0,0,0,0,0,0,0,0,0,0,0,0,0,3.56566901292983,0,0,0,0,0,0,0,0
"Bacteria.Bacteroidetes.Flavobacteria.Flavobacteriales.Flavobacteriaceae.Elizabethkingia",0,0,0,0,0,0,0,0,0,0,0,0,0,0,0,0,0,0,0,0,0,0,0,0
"Bacteria.Bacteroidetes.Flavobacteria.Flavobacteriales.Flavobacteriaceae.FlavobacteriaceaeU",0,0,0,0,0,0,0,0,0,0,0,0,0,0,0,0,0,0,0,0,0,0,0,0
"Bacteria.Bacteroidetes.Flavobacteria.Flavobacteriales.Flavobacteriaceae.Flavobacterium",0,0,0,0,0,0,0,0,0,0,0,0,0,0,0,0,0,0,0,0,0,0,0,0
"Bacteria.Bacteroidetes.Flavobacteria.Flavobacteriales.Flavobacteriaceae.Planobacterium",0,0,0,0,0,2.26125410316295,1.38848572810837,0,0,1.71506352087114,0,0,0,0.486036933962759,0,0,0,0,1.4074921891917,0.631674762043017,0,0,0.389923900068075,0
"Bacteria.Bacteroidetes.Sphingobacteria",0,0,0,0,0,0,0,0,0,0,0,0,0,0,0,0,2.48613227656297,0,0,0,0,0,0,0
"Bacteria.Bacteroidetes.Sphingobacteria.Sphingobacteriales",0,0,0,0,0,0,0,0,0,0,0,0,0,0,0,0,2.48613227656297,0,0,0,0,0,0,0
"Bacteria.Bacteroidetes.Sphingobacteria.Sphingobacteriales.Chitinophagaceae",0,0,0,0,0,0,0,0,0,0,0,0,0,0,0,0,0,0,0,0,0,0,0,0
"Bacteria.Bacteroidetes.Sphingobacteria.Sphingobacteriales.Chitinophagaceae.Sediminibacterium",0,0,0,0,0,0,0,0,0,0,0,0,0,0,0,0,0,0,0,0,0,0,0,0
"Bacteria.Bacteroidetes.Sphingobacteria.Sphingobacteriales.Cytophagaceae",0,0,0,0,0,0,0,0,0,0,0,0,0,0,0,0,2.47777552941485,0,0,0,0,0,0,0
"Bacteria.Bacteroidetes.Sphingobacteria.Sphingobacteriales.Cytophagaceae.Hymenobacter",0,0,0,0,0,0,0,0,0,0,0,0,0,0,0,0,1.55435496954861,0,0,0,0,0,0,0
"Bacteria.Bacteroidetes.Sphingobacteria.Sphingobacteriales.Cytophagaceae.Spirosoma",0,0,0,0,0,0,0,0,0,0,0,0,0,0,0,0,0.835674714811081,0,0,0,0,0,0,0
"Bacteria.Bacteroidetes.Sphingobacteria.Sphingobacteriales.Sphingobacteriaceae",0,0,0,0,0,0,0,0,0,0,0,0,0,0,0,0,0,0,0,0,0,0,0,0
"Bacteria.Bacteroidetes.Sphingobacteria.Sphingobacteriales.Sphingobacteriaceae.Sphingobacterium",0,0,0,0,0,0,0,0,0,0,0,0,0,0,0,0,0,0,0,0,0,0,0,0
"Bacteria.Cyanobacteria",0,0,37.9205113851821,0,9.04867411070924,1.40450565413848,5.07982583454282,0,0,0,6.62823438469756,0,2.75216192148082,1.13031845107618,0,3.57077011309139,15.6312955405413,0,101.231168991864,0.392344572697526,0,0,0,0
"Bacteria.Cyanobacteria.Cyanobacteria",0,0,37.9205113851821,0,9.04867411070924,1.40450565413848,5.07982583454282,0,0,0,6.62823438469756,0,2.75216192148082,1.13031845107618,0,3.57077011309139,15.6312955405413,0,101.231168991864,0.392344572697526,0,0,0,0
"Bacteria.Cyanobacteria.Cyanobacteria.Chloroplast",0,0,37.9205113851821,0,9.04867411070924,1.40450565413848,5.07982583454282,0,0,0,6.62823438469756,0,2.75216192148082,1.13031845107618,0,3.57077011309139,15.1382474588027,0,101.231168991864,0.392344572697526,0,0,0,0
"Bacteria.Cyanobacteria.Cyanobacteria.Chloroplast.Chlorophyta",0,0,0,0,0,0,0,0,0,0,0,0,0,0,0,0,13.6799950814574,0,0,0,0,0,0,0
"Bacteria.Cyanobacteria.Cyanobacteria.Chloroplast.Chlorophyta.ChlorophytaU",0,0,0,0,0,0,0,0,0,0,0,0,0,0,0,0,0,0,0,0,0,0,0,0
"Bacteria.Cyanobacteria.Cyanobacteria.Chloroplast.Streptophyta",0,0,37.9205113851821,0,9.04867411070924,1.40450565413848,5.07982583454282,0,0,0,6.62823438469756,0,2.75216192148082,1.13031845107618,0,3.57077011309139,1.24515532506851,0,101.231168991864,0.392344572697526,0,0,0,0
"Bacteria.Cyanobacteria.Cyanobacteria.Chloroplast.Streptophyta.StreptophytaU",0,0,0,0,0,0,0,0,0,0,0,0,0,0,0,0,0,0,0,0,0,0,0,0
"Bacteria.Cyanobacteria.Cyanobacteria.CyanobacteriaU",0,0,0,0,0,0,0,0,0,0,0,0,0,0,0,0,0,0,0,0,0,0,0,0
"Bacteria.Cyanobacteria.Cyanobacteria.CyanobacteriaU.CyanobacteriaUU",0,0,0,0,0,0,0,0,0,0,0,0,0,0,0,0,0,0,0,0,0,0,0,0
"Bacteria.Cyanobacteria.Cyanobacteria.CyanobacteriaU.CyanobacteriaUU.CyanobacteriaUUU",0,0,0,0,0,0,0,0,0,0,0,0,0,0,0,0,0,0,0,0,0,0,0,0
"Bacteria.Deinococcus-Thermus",0,0,0,0,0,0,0,0,0,0,0,0,0,0,0,0,0,0,0,0,0,0,0,0
"Bacteria.Deinococcus-Thermus.Deinococci",0,0,0,0,0,0,0,0,0,0,0,0,0,0,0,0,0,0,0,0,0,0,0,0
"Bacteria.Deinococcus-Thermus.Deinococci.Deinococcales",0,0,0,0,0,0,0,0,0,0,0,0,0,0,0,0,0,0,0,0,0,0,0,0
"Bacteria.Deinococcus-Thermus.Deinococci.Deinococcales.Deinococcaceae",0,0,0,0,0,0,0,0,0,0,0,0,0,0,0,0,0,0,0,0,0,0,0,0
"Bacteria.Deinococcus-Thermus.Deinococci.Deinococcales.Deinococcaceae.Deinococcus",0,0,0,0,0,0,0,0,0,0,0,0,0,0,0,0,0,0,0,0,0,0,0,0
"Bacteria.Firmicutes",3461.10652120366,2928.73676781934,3315.23862836093,3192.12552638737,3208.33408738951,2076.56160964374,3292.86163522013,3728.21105887559,2064.83309919073,1673.64791288566,3801.47318965272,2476.01068733568,2557.88681144349,3544.78604282776,2722.54081747359,3722.46662969583,4884.51035132361,2075.93467030178,1886.92192285087,2550.14163639075,2990.45040156429,4041.06511896605,3663.39851712329,3033.3579602134
"Bacteria.Firmicutes.Bacilli",448.114659879306,459.421312632322,2696.02195778183,1373.04333961716,751.98101329638,697.674138636747,1160.60474117078,1975.76408705312,692.285165911474,889.165154264973,1498.57751203627,1228.81227165637,535.29549372802,1782.96997631983,448.863617008956,1164.58116688395,1120.94481383257,1122.49830115767,860.546137903301,870.553755129906,1127.72938750252,1145.9048182034,2299.15453875954,1227.59595120473
"Bacteria.Firmicutes.Bacilli.Bacillales",42.2071924134817,69.1601976005646,80.8718106141317,45.9563133657841,21.7168178657022,39.3261583158773,26.9400096758587,68.6429485468717,30.4715170462415,107.985480943739,52.4233083153352,77.0819817666542,23.393376332587,48.6036933962759,36.9596985996192,71.9255122779838,11.2774302763755,75.2198261040428,29.2325300832122,47.0813487237031,177.750839014754,151.097855341941,102.46837373882,21.897268459095
"Bacteria.Firmicutes.Bacilli.Bacillales.Bacillaceae",0,0,0,0,0,0,0,0,0,0,0,0,0,0,0,0,0,0,0,0,0,0,0,0
"Bacteria.Firmicutes.Bacilli.Bacillales.Bacillaceae.Anoxybacillus",0,0,0,0,0,0,0,0,0,0,0,0,0,0,0,0,0,0,0,0,0,0,0,0
"Bacteria.Firmicutes.Bacilli.Bacillales.Bacillaceae.BacillaceaeU",0,0,0,0,0,0,0,0,0,0,0,0,0,0,0,0,0,0,0,0,0,0,0,0
"Bacteria.Firmicutes.Bacilli.Bacillales.Bacillaceae.Bacillus",0,0,0,0,0,0,0,0,0,0,0,0,0,0,0,0,0,0,0,0,0,0,0,0
"Bacteria.Firmicutes.Bacilli.Bacillales.Bacillaceae.Geobacillus",0,0,0,0,0,0,0,0,0,0,0,0,0,0,0,0,0,0,0,0,0,0,0,0
"Bacteria.Firmicutes.Bacilli.Bacillales.BacillalesU",0,0,0,0,0,0,0,0,0,0,0,0,0,0,0,0,0,0,0,0,0,0,0,0
"Bacteria.Firmicutes.Bacilli.Bacillales.BacillalesU.BacillalesUU",0,0,0,0,0,0,0,0,0,0,0,0,0,0,0,0,0,0,0,0,0,0,0,0
"Bacteria.Firmicutes.Bacilli.Bacillales.Listeriaceae",0,0,0,0,0,0,0,0,0,0,0,0,0,0,0,0,0,0,0,0,0,0,0,0
"Bacteria.Firmicutes.Bacilli.Bacillales.Listeriaceae.Listeria",0,0,0,0,0,0,0,0,0,0,0,0,0,0,0,0,0,0,0,0,0,0,0,0
"Bacteria.Firmicutes.Bacilli.Bacillales.Paenibacillaceae",0,0,0,0,0,0,0,0,0,0,0,0,0,0,0,0,0,0,0,0,0,0,0,0
"Bacteria.Firmicutes.Bacilli.Bacillales.Paenibacillaceae.Paenibacillus",0,0,0,0,0,0,0,0,0,0,0,0,0,0,0,0,0,0,0,0,0,0,0,0
"Bacteria.Firmicutes.Bacilli.Bacillales.Paenibacillaceae.Thermicanus",0,0,0,0,0,0,0,0,0,0,0,0,0,0,0,0,0,0,0,0,0,0,0,0
"Bacteria.Firmicutes.Bacilli.Bacillales.Planococcaceae",0,0,0,0,0,0,0,0,0,0,0,0,0,0,0,0,0,0,0,0,0,0,0,0
"Bacteria.Firmicutes.Bacilli.Bacillales.Planococcaceae.PlanococcaceaeU",0,0,0,0,0,0,0,0,0,0,0,0,0,0,0,0,0,0,0,0,0,0,0,0
"Bacteria.Firmicutes.Bacilli.Bacillales.Planococcaceae.Planococcus",0,0,0,0,0,0,0,0,0,0,0,0,0,0,0,0,0,0,0,0,0,0,0,0
"Bacteria.Firmicutes.Bacilli.Bacillales.Staphylococcaceae",42.2071924134817,69.1601976005646,80.720128568591,45.9234874276657,21.7168178657022,39.3261583158773,26.9230769230769,68.6429485468717,30.4715170462415,107.985480943739,52.4233083153352,77.0819817666542,23.393376332587,48.5867386195098,36.9596985996192,71.9204111778222,11.2774302763755,75.2198261040428,29.2325300832122,47.0774252779761,177.736805315163,151.085316100833,102.46837373882,21.897268459095
"Bacteria.Firmicutes.Bacilli.Bacillales.Staphylococcaceae.Gemella",42.2071924134817,69.1601976005646,80.720128568591,45.9234874276657,21.7168178657022,39.3261583158773,26.9230769230769,67.0462295762536,30.4715170462415,107.985480943739,52.4233083153352,77.0819817666542,22.0172953718466,42.952101140895,34.5752019157728,70.395182229516,9.60608084675338,75.2198261040428,28.6911869335231,46.2966595783081,177.736805315163,151.085316100833,102.46837373882,21.897268459095
"Bacteria.Firmicutes.Bacilli.Bacillales.Staphylococcaceae.Staphylococcus",0,0,0,0,0,0,0,1.500915832381,0,0,0,0,1.37608096074041,5.58377314831635,2.3844966838464,1.52012784814462,1.67134942962216,0,0.541343149689114,0.772918808214126,0,0,0,0
"Bacteria.Firmicutes.Bacilli.BacilliU",0,0,0,0,0,0,0,0,0,0,0,0,0,0,0,0,0,0,0,0,0,0,0,0
"Bacteria.Firmicutes.Bacilli.BacilliU.BacilliUU",0,0,0,0,0,0,0,0,0,0,0,0,0,0,0,0,0,0,0,0,0,0,0,0
"Bacteria.Firmicutes.Bacilli.BacilliU.BacilliUU.BacilliUUU",0,0,0,0,0,0,0,0,0,0,0,0,0,0,0,0,0,0,0,0,0,0,0,0
"Bacteria.Firmicutes.Bacilli.Lactobacillales",405.907467465824,390.261115031757,2614.61926000831,1326.97213546796,730.209903386014,658.277755038163,1133.59700048379,1906.38664777976,661.592037832169,776.944948578342,1445.9553566894,1151.20445931642,511.888356585825,1734.08370331078,411.880073442498,1092.61994690484,1109.60470795258,1047.23191039937,831.216166053145,823.425325057479,949.913057889679,994.737997035365,2196.27357112646,1205.54138847939
"Bacteria.Firmicutes.Bacilli.Lactobacillales.Aerococcaceae",1.79605074099922,0,30.1341663807581,0,0,6.83994253565438,0,0,60.4998120263559,6.24621899576528,0,0,4.10072126300642,1.69547767661428,0,29.8210315444747,0,20.2520427043933,0,3.49186669700798,0.467789986353898,1.23511524906068,4.03979296465878,0.938999104580259
"Bacteria.Firmicutes.Bacilli.Lactobacillales.Aerococcaceae.Abiotrophia",1.79605074099922,0,29.8055219487531,0,0,5.54779733384698,0,0,60.0842913393617,6.1826981246219,0,0,4.04567802457681,1.6898260843589,0,29.5200666349427,0,20.0693659838549,0,3.46440257691915,0.467789986353898,1.23511524906068,4.02165696930677,0.905633654163702
"Bacteria.Firmicutes.Bacilli.Lactobacillales.Aerococcaceae.AerococcaceaeU",0,0,0,0,0,0,0,0,0,0,0,0,0,0,0,0,0,0,0,0,0,0,0,0
"Bacteria.Firmicutes.Bacilli.Lactobacillales.Aerococcaceae.Aerococcus",0,0,0,0,0,0,0,0,0,0,0,0,0,0,0,0,0,0,0,0,0,0,0,0
"Bacteria.Firmicutes.Bacilli.Lactobacillales.Carnobacteriaceae",35.2834168069297,26.0832745236415,257.58139366908,110.459281768474,79.9540844422268,29.6631594154046,44.9056603773585,56.220474955463,30.6931280793051,79.4434361766485,98.6763329852792,61.8747225731553,31.3333634760591,57.4314804991809,45.221979609147,65.7021700808816,16.5630728475556,99.9886402711598,26.4391994308164,62.0492941721137,109.584482203264,68.765198231967,170.111102402955,122.408304592516
"Bacteria.Firmicutes.Bacilli.Lactobacillales.Carnobacteriaceae.CarnobacteriaceaeU",0,0,0,0,0,0,0,0,0,0,0,0,0,0,0,0,0,0,0,0,0,0,0,0
"Bacteria.Firmicutes.Bacilli.Lactobacillales.Carnobacteriaceae.Granulicatella",35.2295352846997,25.9350741002117,250.755701619747,108.834397831612,79.6464295224627,29.6069791892391,44.8379293662313,56.1406390069321,28.144601199074,79.2105263157895,97.6820978275746,60.7214805203674,31.3196026664517,56.809805351089,44.1728010682545,64.6258379467926,16.2079110937609,98.7206489168345,25.8762025551397,61.6569495994162,107.51685046358,66.577100658758,167.259217133852,121.040321125437
"Bacteria.Firmicutes.Bacilli.Lactobacillales.Enterococcaceae",0,0,0,0,0,0,0,1.38914550443774,0,0,0,0,0,0,0,1.02022003231183,0,0,0,0,0,0,0,0
"Bacteria.Firmicutes.Bacilli.Lactobacillales.Enterococcaceae.EnterococcaceaeU",0,0,0,0,0,0,0,0,0,0,0,0,0,0,0,0,0,0,0,0,0,0,0,0
"Bacteria.Firmicutes.Bacilli.Lactobacillales.Enterococcaceae.Enterococcus",0,0,0,0,0,0,0,0,0,0,0,0,0,0,0,1.02022003231183,0,0,0,0,0,0,0,0
"Bacteria.Firmicutes.Bacilli.Lactobacillales.Enterococcaceae.Tetragenococcus",0,0,0,0,0,0,0,1.30930955590683,0,0,0,0,0,0,0,0,0,0,0,0,0,0,0,0
"Bacteria.Firmicutes.Bacilli.Lactobacillales.Lactobacillaceae",0,0,0,0,0,0,0,0,0,0,94.8922137183793,0.597534742377164,4.05943883418421,1.08510571303314,1.07302350773088,0,0,0,0,0.392344572697526,0.467789986353898,0,0,6.19644079164638
"Bacteria.Firmicutes.Bacilli.Lactobacillales.Lactobacillaceae.LactobacillaceaeU",0,0,0,0,0,0,0,0,0,0,0,0,0,0,0,0,0,0,0,0,0,0,0,0
"Bacteria.Firmicutes.Bacilli.Lactobacillales.Lactobacillaceae.Lactobacillus",0,0,0,0,0,0,0,0,0,0,94.1631079360625,0.597534742377164,4.0319172149694,1.08510571303314,1.06706226602126,0,0,0,0,0.392344572697526,0.467789986353898,0,0,6.19644079164638
"Bacteria.Firmicutes.Bacilli.Lactobacillales.LactobacillalesU",0,0,0,0,0,0,0,0,0,0,0,0,0,0,0,0,0,0,0,0,0,0,0,0
"Bacteria.Firmicutes.Bacilli.Lactobacillales.LactobacillalesU.LactobacillalesUU",0,0,0,0,0,0,0,0,0,0,0,0,0,0,0,0,0,0,0,0,0,0,0,0
"Bacteria.Firmicutes.Bacilli.Lactobacillales.Leuconostocaceae",0,0,0,0,0,0,0,0,0,0,0,0,0,0,0,0,0,0,0,0,0,0,0,0
"Bacteria.Firmicutes.Bacilli.Lactobacillales.Leuconostocaceae.Leuconostoc",0,0,0,0,0,0,0,0,0,0,0,0,0,0,0,0,0,0,0,0,0,0,0,0
"Bacteria.Firmicutes.Bacilli.Lactobacillales.Leuconostocaceae.Weissella",0,0,0,0,0,0,0,0,0,0,0,0,0,0,0,0,0,0,0,0,0,0,0,0
"Bacteria.Firmicutes.Bacilli.Lactobacillales.Streptococcaceae",366.376390656431,355.631616090332,2255.10753173586,1173.28109319753,601.718731013943,605.973964478046,1064.44363812288,1756.56650676667,559.457052968994,685.728977616455,1237.64802698122,1072.83777785366,465.115364730259,1654.03455060557,352.172276478984,972.198275390909,1089.11814231899,902.856408933864,791.292108763573,730.388656533714,809.169084695382,888.003976730751,1990.21692593583,1042.49873177242
"Bacteria.Firmicutes.Bacilli.Lactobacillales.Streptococcaceae.Lactococcus",0,0,0,0,0,0,0,0,0,0,0,0,0,0,0,1.02022003231183,0,0,0,0,0,0,0.453399883800087,0
"Bacteria.Firmicutes.Bacilli.Lactobacillales.Streptococcaceae.StreptococcaceaeU",0,0,0,0,0,0,0,0,0,0,0,0,0,0,0,0,0,0,0,0,0,0,0,0
"Bacteria.Firmicutes.Bacilli.Lactobacillales.Streptococcaceae.Streptococcus",366.376390656431,355.631616090332,2255.03169071309,1173.26468022847,601.700633665721,605.931829308421,1064.4267053701,1756.21522859313,559.457052968994,685.728977616455,1237.12981956569,1072.81985181138,465.101603920651,1653.97238309076,352.172276478984,971.147448757628,1089.11396394541,902.845663244421,790.804899928852,730.372962750806,809.136339396337,888.003976730751,1989.70458406714,1042.47489930784
"Bacteria.Firmicutes.Clostridia",2977.30433310071,2449.85179957657,606.348977049062,1797.71250105512,2452.42594952908,1363.97162096004,2125.00967585873,1748.58291191358,1353.48938443578,774.848759830611,2295.71308181049,1242.45398982484,2022.31610152332,1759.19372770144,2209.53423966917,2478.94593781176,3746.23782227945,952.680588986589,1021.77978160671,1652.17868941219,1848.65924707197,2888.2072915687,1363.09234265891,1805.14713142242
"Bacteria.Firmicutes.Clostridia.Clostridiales",2806.59869042243,2370.31757233592,598.967117499413,1770.41773350966,2450.4171438765,1338.78883458134,2124.28156748911,1743.79275500172,1260.71746571954,747.704174228675,2286.62034936821,1233.8733909243,2019.45385312498,1758.54944618433,2057.08740542916,2238.12299918456,3689.80053041468,952.444183818834,1017.18919169734,1574.09427255393,1827.25785519628,2879.98154940237,1361.26967512603,1805.01843611367
"Bacteria.Firmicutes.Clostridia.Clostridiales.Clostridiaceae",0,0,0,0,0,0,0,0,0,0,0,0,0,0,0,0,0,0,1.62402944906734,0.784689145395052,0,0,0,0
"Bacteria.Firmicutes.Clostridia.Clostridiales.Clostridiaceae.ClostridiaceaeU",0,0,0,0,0,0,0,0,0,0,0,0,0,0,0,0,0,0,0,0,0,0,0,0
"Bacteria.Firmicutes.Clostridia.Clostridiales.Clostridiaceae.Clostridium",0,0,0,0,0,0,0,0,0,0,0,0,0,0,0,0,0,0,1.61320258607356,0.780765699668077,0,0,0,0
"Bacteria.Firmicutes.Clostridia.Clostridiales.ClostridialesU",0,0,0,0,0,0,0,0,0,0,0,0,0,0,0,0,0,0,0,0,0,0,0,0
"Bacteria.Firmicutes.Clostridia.Clostridiales.ClostridialesU.ClostridialesUU",0,0,0,0,0,0,0,0,0,0,0,0,0,0,0,0,0,0,0,0,0,0,0,0
"Bacteria.Firmicutes.Clostridia.Clostridiales.Eubacteriaceae",31.0806580729915,0,4.90438613915022,29.8716036877597,1.4658852059349,4.10115651008435,3.13255926463474,1.59671897061809,2.74243653416174,0,0,5.19257691125756,3.86678749968055,0,2.26527184965408,7.58533594023843,3.2507746406151,21.6955469862946,1.53200111362019,8.43148486726983,15.1657513575934,14.3887791705292,0,0.471882798748455
"Bacteria.Firmicutes.Clostridia.Clostridiales.Eubacteriaceae.Eubacterium",31.0806580729915,0,4.90438613915022,29.8716036877597,1.4658852059349,4.10115651008435,3.13255926463474,1.59671897061809,2.74243653416174,0,0,5.19257691125756,3.86678749968055,0,2.26527184965408,7.58533594023843,3.2507746406151,21.6955469862946,1.53200111362019,8.43148486726983,15.1657513575934,14.3887791705292,0,0.471882798748455
"Bacteria.Firmicutes.Clostridia.Clostridiales.Eubacteriaceae.Pseudoramibacter",0,0,0,0,0,0,0,0,0,0,0,0,0,0,0,0,0,0,0,0,0,0,0,0
"Bacteria.Firmicutes.Clostridia.Clostridiales.Incertae_Sedis_XI",54.7795476004762,0,7.58410227703642,4.92389071776259,0,35.1126413534619,3.38655055636188,3.19343794123618,27.7013791329468,40.2298850574713,3.01283381122616,22.1087854679551,6.88040480370205,1.13031845107618,44.0654987174815,18.3639605816129,5.43188564627203,16.834913461381,1.08268629937823,11.7703371809258,67.3617580349613,3.7617723321645,3.6271990704007,9.53298583330213
"Bacteria.Firmicutes.Clostridia.Clostridiales.Incertae_Sedis_XI.Anaerococcus",0,0,0,0,0,0,0,0,0,0,0,0,0,0,0,0,0,0,0,0,0,0,0,0
"Bacteria.Firmicutes.Clostridia.Clostridiales.Incertae_Sedis_XI.Finegoldia",0,0,0,0,0,0,0,0,0,0,0,0,0,0,0,0,0,0,0,0,0,0,0,0
"Bacteria.Firmicutes.Clostridia.Clostridiales.Incertae_Sedis_XI.Incertae_Sedis_XIU",0,0,0,0,0,0,0,0,0,0,0,0,0,0,0,0,0,0,0,0,0,0,0,0
"Bacteria.Firmicutes.Clostridia.Clostridiales.Incertae_Sedis_XI.Parvimonas",54.7795476004762,0,7.58410227703642,4.92389071776259,0,35.1126413534619,3.38655055636188,3.19343794123618,27.7013791329468,40.2298850574713,3.01283381122616,22.1087854679551,6.88040480370205,1.13031845107618,44.0178087838045,18.3639605816129,5.43188564627203,16.834913461381,1.08268629937823,11.7703371809258,67.3617580349613,3.7617723321645,3.6271990704007,8.57968724997191
"Bacteria.Firmicutes.Clostridia.Clostridiales.Incertae_Sedis_XI.Peptoniphilus",0,0,0,0,0,0,0,0,0,0,0,0,0,0,0,0,0,0,0,0,0,0,0,0.953298583330213
"Bacteria.Firmicutes.Clostridia.Clostridiales.Incertae_Sedis_XIII",12.7609405147995,0,0,18.0542659651295,3.61946964428369,13.0899926965706,6.77310111272375,4.79015691185427,5.54027582658937,9.69751966122202,0.602566762245233,6.9314030115751,16.5129715288849,1.69547767661428,10.5573590677299,4.59099014540322,1.67134942962216,8.50342224623799,0.541343149689114,3.92344572697526,16.3726495223864,21.2540136767294,5.78084851845111,0.953298583330213
"Bacteria.Firmicutes.Clostridia.Clostridiales.Incertae_Sedis_XIII.Anaerovorax",4.76851471735293,0,0,0,0,2.26125410316295,0,0,0,0,0,1.06361184143135,0,0,1.01937233234434,0,0,0.623249987719212,0,0,0,0.570535470378282,0.412593894258079,0
"Bacteria.Firmicutes.Clostridia.Clostridiales.Incertae_Sedis_XIII.Incertae_Sedis_XIIIU",0,0,0,0,0,0,0,0,0,0,0,0,0,0,0,0,0,0,0,0,0,0,0,0
"Bacteria.Firmicutes.Clostridia.Clostridiales.Incertae_Sedis_XIII.Mogibacterium",5.38815222299766,0,0,18.0542659651295,3.61946964428369,5.61802261655391,6.77310111272375,4.79015691185427,5.54027582658937,0,0.602566762245233,4.78027793901731,16.5129715288849,1.69547767661428,9.5379867353856,4.59099014540322,1.67134942962216,7.88017225851877,0.541343149689114,3.92344572697526,16.3726495223864,20.6834782063511,4.53399883800087,0.953298583330213
"Bacteria.Firmicutes.Clostridia.Clostridiales.Incertae_Sedis_XIV",0,0,0,0,0,0,1.67634252539913,0,0,0,0.602566762245233,0.597534742377164,0,0,0,0,0,1.78378444761016,0.514275992204659,0.392344572697526,0.467789986353898,0,0,0.476649291665106
"Bacteria.Firmicutes.Clostridia.Clostridiales.Incertae_Sedis_XIV.Blautia",0,0,0,0,0,0,1.67634252539913,0,0,0,0.602566762245233,0.597534742377164,0,0,0,0,0,1.78378444761016,0.514275992204659,0.392344572697526,0.467789986353898,0,0,0.476649291665106
"Bacteria.Firmicutes.Clostridia.Clostridiales.Incertae_Sedis_XIV.Howardella",0,0,0,0,0,0,0,0,0,0,0,0,0,0,0,0,0,0,0,0,0,0,0,0
"Bacteria.Firmicutes.Clostridia.Clostridiales.Lachnospiraceae",254.437528223655,296.104446012703,88.1272684591632,198.301492173358,235.030261351562,333.949309384506,179.40251572327,181.610815718102,230.143057836522,193.971566848155,457.571122246163,203.233516577321,236.011645576588,230.206307338431,357.865262311668,590.05955898803,925.580779004031,224.606400746672,356.561078974232,141.581462503629,606.761035499914,1276.70791181331,73.1651392488201,144.624928077027
"Bacteria.Firmicutes.Clostridia.Clostridiales.Lachnospiraceae.Acetitomaculum",0,0,0,0,0,0,0,0,0,0,0,0,0,0,0,0,0,0,0,0,0,0,0,0
"Bacteria.Firmicutes.Clostridia.Clostridiales.Lachnospiraceae.Anaerostipes",0,0,0,0,0,0,0,0,0,0,0,0,0,0,0,0,0,0,0,0,0,0,0,0
"Bacteria.Firmicutes.Clostridia.Clostridiales.Lachnospiraceae.Butyrivibrio",11.620448294265,0,2.52803409234547,0,0,1.39046059759709,0,0,0,0,0,0,0,0,0.590162929251984,4.57568684491854,0.41783735740554,0.712797399747835,0,1.1731102723656,39.6077781445845,0,0,0
"Bacteria.Firmicutes.Clostridia.Clostridiales.Lachnospiraceae.Catonella",33.2269387084856,9.88002822865208,15.1682045540728,34.4672350243381,34.3487669242523,58.989237473816,35.5418480890179,30.273791682919,49.8347810601714,80.3327283726558,34.942846542601,22.7063202103322,86.5417316209644,0,72.0356448189997,131.037060950131,55.1002123210686,19.331495308739,48.6559222940576,17.2474674157832,110.323590381703,255.618699591131,13.6019965140026,33.3273184732242
"Bacteria.Firmicutes.Clostridia.Clostridiales.Lachnospiraceae.Coprococcus",0,9.08962597035991,0,0,0,0,0,0,0,0,0,0,0,0,0,0,0,0.318788786821896,3.15061713119065,0,0,0,0,0.476649291665106
"Bacteria.Firmicutes.Clostridia.Clostridiales.Lachnospiraceae.Dorea",0,0,0,0,0,0,0,0,0,0,0,0,0,0,0,0,0,0.35818964811449,0,0,0,0,0,0.476649291665106
"Bacteria.Firmicutes.Clostridia.Clostridiales.Lachnospiraceae.Johnsonella",0,0,0,0,0,0,0,0,0,0,0,0,0,0,0,0.510110016155913,0,0,0,0,0,0,0,0
"Bacteria.Firmicutes.Clostridia.Clostridiales.Lachnospiraceae.LachnospiraceaeU",0,0,0,0,0,0,0,0,0,0,0,0,0,0,0,0,0,0,0,0,0,0,0,0
"Bacteria.Firmicutes.Clostridia.Clostridiales.Lachnospiraceae.Moryella",0,0,0,0,0,0,0,0,0,0,0,0,0,0,0,0,0,0,0,0,0,0.507839264842207,0,0
"Bacteria.Firmicutes.Clostridia.Clostridiales.Lachnospiraceae.Oribacterium",174.127119339874,266.316160903317,45.3782119576013,140.872513435188,190.727952905529,249.931781153942,135.241896468312,142.810544732082,82.9379291240428,69.8729582577132,378.423978025252,125.464369856933,125.911407907748,215.947340078105,206.15166080194,429.589150105703,797.317245401253,163.850272633492,281.747455687197,101.821263506462,434.024905138874,976.443244259939,47.9697077060492,95.0343357721889
"Bacteria.Firmicutes.Clostridia.Clostridiales.Lachnospiraceae.Roseburia",0,0,0,0,0,0,0,0,0,0,0.590515427000328,0,0,0.565159225538092,0,0,0,4.16216371109037,12.1964611624957,0,0,0,0,0.915166639997004
"Bacteria.Firmicutes.Clostridia.Clostridiales.Lachnospiraceae.Shuttleworthia",0.89802537049961,0,0,0,0,0,0,0,0,0,0,0,0,1.69547767661428,0,0,0,0,0,0,2.33894993176949,0,0,3.81319433332085
"Bacteria.Firmicutes.Clostridia.Clostridiales.Lachnospiraceae.Syntrophococcus",0,0,2.17410931941711,0,0,0,0,0,0,0,3.50693855626725,0.489978488749275,0,0,0,0,0.36351850094282,0,0,0,0.785887177074548,0,0,0
"Bacteria.Firmicutes.Clostridia.Clostridiales.Peptococcaceae",0.89802537049961,0,2.4016323877282,0,0,5.37925665535036,1.65940977261732,0,5.54027582658937,0,0,5.88571721241507,0,0,2.3487292335887,3.01475019548145,0,2.3855430564425,0,2.57770384262275,4.63112086490359,3.08465331237489,0.41712789309608,0
"Bacteria.Firmicutes.Clostridia.Clostridiales.Peptococcaceae.PeptococcaceaeU",0,0,0,0,0,0,0,0,0,0,0,0,0,0,0,0,0,0,0,0,0,0,0,0
"Bacteria.Firmicutes.Clostridia.Clostridiales.Peptococcaceae.Peptococcus",0.89802537049961,0,2.4016323877282,0,0,5.37925665535036,1.65940977261732,0,5.54027582658937,0,0,5.88571721241507,0,0,2.3487292335887,3.01475019548145,0,2.3855430564425,0,2.57378039689577,4.63112086490359,3.08465331237489,0.41712789309608,0
"Bacteria.Firmicutes.Clostridia.Clostridiales.Peptostreptococcaceae",41.3091670429821,0,7.2048971631846,88.4494902600752,1.75544277747759,89.8883618648625,1.55781325592646,1.59671897061809,35.6516749441026,19.0350877192982,0.512181747908448,43.4407757708198,9.63256672518287,6.91754892058625,44.6079717130565,7.6516502423387,0,15.6636333120466,0.541343149689114,36.8607726049326,13.4770295068558,51.2478784051877,4.40251287169885,0.409918390831991
"Bacteria.Firmicutes.Clostridia.Clostridiales.Peptostreptococcaceae.Filifactor",0,0,2.14882897849365,0,1.75544277747759,1.40450565413848,1.55781325592646,0,2.41001998456637,4.21355111917725,0.512181747908448,5.18062621641001,0,5.7759272849993,0.494783061898128,0,0,1.69423703558154,0,0.37272734406265,0.846699875300555,2.97180014240995,1.22871368509824,0.409918390831991
"Bacteria.Firmicutes.Clostridia.Clostridiales.Peptostreptococcaceae.PeptostreptococcaceaeU",0,0,0,0,0,0,0,0,0,0,0,0,0,0,0,0,0,0,0,0,0,0,0,0
"Bacteria.Firmicutes.Clostridia.Clostridiales.Peptostreptococcaceae.Peptostreptococcus",41.3091670429821,0,5.05606818469095,88.3181865076016,0,88.483856210724,0,1.59671897061809,33.2416549595362,14.821536600121,0,38.2422235121385,9.63256672518287,1.13031845107618,44.1131886511584,7.6516502423387,0,13.9693962764651,0.541343149689114,36.4880452608699,12.6303296315552,48.2760782627777,3.17379918660061,0
"Bacteria.Firmicutes.Clostridia.Clostridiales.Peptostreptococcaceae.Sporacetigenium",0,0,0,0,0,0,0,0,0,0,0,0,0,0,0,0,0,0,0,0,0,0,0,0
"Bacteria.Firmicutes.Clostridia.Clostridiales.Ruminococcaceae",0.835163594564638,0,0,0,0,0,0,0,0,0,0,1.19506948475433,0,2.82579612769046,0,0.510110016155913,0,6.08564212146518,29.2162897887215,2.35406743618516,1.87115994541559,0,0,0.953298583330213
"Bacteria.Firmicutes.Clostridia.Clostridiales.Ruminococcaceae.Butyricicoccus",0,0,0,0,0,0,0,0,0,0,0,0,0,0,0,0,0,0,0,0,0,0,0,0
"Bacteria.Firmicutes.Clostridia.Clostridiales.Ruminococcaceae.Faecalibacterium",0,0,0,0,0,0,0,0,0,0,0,1.18909413733056,0,1.05119615950085,0,0,0,2.43568960717853,19.7373712376651,1.1731102723656,0.912190473390101,0,0,0
"Bacteria.Firmicutes.Clostridia.Clostridiales.Ruminococcaceae.Oscillibacter",0,0,0,0,0,0,0,0,0,0,0,0,0,1.05119615950085,0,0,0,0,1.60778915457667,0,0,0,0,0
"Bacteria.Firmicutes.Clostridia.Clostridiales.Ruminococcaceae.RuminococcaceaeU",0,0,0,0,0,0,0,0,0,0,0,0,0,0,0,0,0,0,0,0,0,0,0,0
"Bacteria.Firmicutes.Clostridia.Clostridiales.Ruminococcaceae.Ruminococcus",0,0,0,0,0,0,0,0,0,0,0,0,0,0,0,0,0,2.86551718491592,2.6255142759922,0.75330157957925,0.935579972707796,0,0,0.476649291665106
"Bacteria.Firmicutes.Clostridia.Clostridiales.Ruminococcaceae.Sporobacter",0,0,0,0,0,0,0,0,0,0,0,0,0,0,0,0,0,0,0.487208834720203,0,0,0,0,0
"Bacteria.Firmicutes.Clostridia.Clostridiales.Ruminococcaceae.Subdoligranulum",0,0,0,0,0,0,0,0,0,0,0,0,0,0.565159225538092,0,0.459099014540322,0,0.35818964811449,1.08268629937823,0,0,0,0,0.4480503341652
"Bacteria.Firmicutes.Clostridia.Clostridiales.Veillonellaceae",2052.88599696211,1877.2053634439,462.630238899222,1349.11323072883,2194.77400290075,758.433053234777,1908.11804547654,1534.04775102133,805.916223114822,438.294010889292,1685.98180076216,904.661624611603,1711.84471516107,1508.73776531198,1186.25133276333,915.560760297118,2470.08314366502,642.23403906928,597.642837256782,1242.9240656314,1028.06673090982,1468.11942731495,1255.34186027381,1644.35902586503
"Bacteria.Firmicutes.Clostridia.Clostridiales.Veillonellaceae.Allisonella",0,0,0,0,0,0,0,0,0,0,0,0,0,0,0,0,0,0,0,0,0,0,0,0
"Bacteria.Firmicutes.Clostridia.Clostridiales.Veillonellaceae.Anaeroglobus",0,0,0,6.51594871650582,0,1.39046059759709,0,0,0,0,0,0.597534742377164,0,1.13031845107618,1.77645002946557,0,0.41783735740554,1.42201290301452,0,3.88421126970551,0,0.62696205536075,0.398991897744077,1.90659716666043
"Bacteria.Firmicutes.Clostridia.Clostridiales.Veillonellaceae.Centipeda",269.955406625888,98.9484827099506,0,6.77855622145316,4.92247871622582,2.51406512090787,33.2559264634736,17.8513180915102,49.0591424444488,5.50514216575923,2.00654731827662,3.07132857581862,225.402061369279,1.42985284061137,87.2427724202301,151.114991186028,193.107713098545,9.09443516562689,6.55566554273518,12.8924426588407,26.9727706131658,20.2320655264914,0,5.79605538664769
"Bacteria.Firmicutes.Clostridia.Clostridiales.Veillonellaceae.Dialister",2.69407611149883,207.233592095977,20.2242727387638,60.7279855190719,7.22084194034597,42.1351696241543,6.77310111272375,15.9671897061809,2.77013791329468,0,2.41026704898093,17.3285075289378,2.75216192148082,7.91222915753329,3.5767450257696,31.6268210016666,3.34269885924432,7.14230158340292,1.08268629937823,10.2009588901357,32.2775090584189,14.4201272732972,12.2417968626023,26.692360333246
"Bacteria.Firmicutes.Clostridia.Clostridiales.Veillonellaceae.Megamonas",0,0,0,0,0,0,0,0,0,0,0,0,0,0,0,0,0,0,0,0,1.40336995906169,0,0,0
"Bacteria.Firmicutes.Clostridia.Clostridiales.Veillonellaceae.Megasphaera",151.326255182889,106.704304869442,7.50826125426606,19.4165423970438,114.248559321815,37.1210844388799,212.929366231253,85.7438087221914,44.2391024753161,2.11736237144586,161.108275221508,0.597534742377164,90.0094556420302,49.7848761776505,47.1236157145145,30.8208471761403,77.5171865458758,46.1670637454766,16.906146564791,13.8222992961338,83.3601755682646,107.542801356029,9.75263150053987,112.165111314633
"Bacteria.Firmicutes.Clostridia.Clostridiales.Veillonellaceae.Mitsuokella",0.89802537049961,4.94001411432604,0,0,0,0,0,0,0,0,0,0,0,0,0,0,0,0,0,0,0,0,0,0
"Bacteria.Firmicutes.Clostridia.Clostridiales.Veillonellaceae.Phascolarctobacterium",0,0,0,0,0,0,0,0,0,0,0.488079077418638,0,0,0,0,1.53033004846774,0,0.716379296228979,10.7077675008507,0,0,0,0,0
"Bacteria.Firmicutes.Clostridia.Clostridiales.Veillonellaceae.Schwartzia",2.45160926146394,0,0,27.8199825553586,0,1.27810014526601,0,0,6.95304616236966,0,0,0.549731962986991,1.22471205505897,0.519946487495045,0,1.35689264297473,0.367696874516876,0.981439635833702,1.9542487703777,8.61588681643767,0,3.38559509894805,0,2.4738098237419
"Bacteria.Firmicutes.Clostridia.Clostridiales.Veillonellaceae.Selenomonas",199.846565950983,184.361326746648,0,126.51116550838,1.80973482214185,10.7725583672421,11.1756168359942,23.3759657298488,53.8237796553157,27.6527525710829,5.18809982293145,47.886434254106,48.0252255298403,3.22705917782251,27.2965257883317,108.428985034101,250.17176099942,12.1032282097886,6.31206112537507,139.133232369997,29.4941586396133,36.2948333848338,5.66749854750109,31.8878376123956
"Bacteria.Firmicutes.Clostridia.Clostridiales.Veillonellaceae.Succiniclasticum",0,0,0,0,0,0,0,0,0,0,0,0,0,1.11901526656542,0,0,0,0,0,0,0,0,0,0
"Bacteria.Firmicutes.Clostridia.Clostridiales.Veillonellaceae.Veillonella",886.34206042941,1007.71347918137,427.086079560844,979.673710175103,2027.31923980796,637.575341696161,1547.51814223512,1268.19404241342,548.127188903619,381.082879612825,1499.45725950915,804.795643118107,787.077027114693,1435.38009783714,877.846492916343,327.460023771127,1580.93778222675,525.217062926758,541.841185386828,942.333194704918,792.777723573541,1240.53847083955,1223.10512853563,1415.13838150328
"Bacteria.Firmicutes.Clostridia.Clostridiales.Veillonellaceae.VeillonellaceaeU",0,0,0,0,0,0,0,0,0,0,0,0,0,0,0,0,0,0,0,0,0,0,0,0
"Bacteria.Firmicutes.Clostridia.ClostridiaU",0,0,0,0,0,0,0,0,0,0,0,0,0,0,0,0,0,0,0,0,0,0,0,0
"Bacteria.Firmicutes.Clostridia.ClostridiaU.ClostridiaUU",0,0,0,0,0,0,0,0,0,0,0,0,0,0,0,0,0,0,0,0,0,0,0,0
"Bacteria.Firmicutes.Clostridia.ClostridiaU.ClostridiaUU.ClostridiaUUU",0,0,0,0,0,0,0,0,0,0,0,0,0,0,0,0,0,0,0,0,0,0,0,0
"Bacteria.Firmicutes.Erysipelotrichi",0,0,2.52803409234547,0,0,7.02252827069238,1.69327527818094,0,0,0,0,0.597534742377164,0,0,0.5961241709616,1.02022003231183,0.835674714811081,0.35818964811449,0,0.392344572697526,0.467789986353898,0.62696205536075,0,0.471882798748455
"Bacteria.Firmicutes.Erysipelotrichi.Erysipelotrichales",0,0,2.52803409234547,0,0,7.02252827069238,1.69327527818094,0,0,0,0,0.597534742377164,0,0,0.5961241709616,1.02022003231183,0.835674714811081,0.35818964811449,0,0.392344572697526,0.467789986353898,0.62696205536075,0,0.471882798748455
"Bacteria.Firmicutes.Erysipelotrichi.Erysipelotrichales.Erysipelotrichaceae",0,0,2.52803409234547,0,0,7.02252827069238,1.69327527818094,0,0,0,0,0.597534742377164,0,0,0.5961241709616,1.02022003231183,0.835674714811081,0.35818964811449,0,0.392344572697526,0.467789986353898,0.62696205536075,0,0.471882798748455
"Bacteria.Firmicutes.Erysipelotrichi.Erysipelotrichales.Erysipelotrichaceae.Bulleidia",0,0,0,0,0,0,0,0,0,0,0,0,0,0,0,0,0,0,0,0,0,0,0,0
"Bacteria.Firmicutes.Erysipelotrichi.Erysipelotrichales.Erysipelotrichaceae.Catenibacterium",0,0,0,0,0,0,0,0,0,0,0,0,0,0,0,0,0,0.35818964811449,0,0.388421126970551,0,0,0,0
"Bacteria.Firmicutes.Erysipelotrichi.Erysipelotrichales.Erysipelotrichaceae.Coprobacillus",0,0,0,0,0,0,0,0,0,0,0,0,0,0,0,0,0,0,0,0,0,0,0,0
"Bacteria.Firmicutes.Erysipelotrichi.Erysipelotrichales.Erysipelotrichaceae.ErysipelotrichaceaeU",0,0,0,0,0,0,0,0,0,0,0,0,0,0,0,0,0,0,0,0,0,0,0,0
"Bacteria.Firmicutes.Erysipelotrichi.Erysipelotrichales.Erysipelotrichaceae.Holdemania",0,0,0,0,0,0,0,0,0,0,0,0,0,0,0,0,0,0,0,0,0,0,0,0
"Bacteria.Firmicutes.Erysipelotrichi.Erysipelotrichales.Erysipelotrichaceae.Sharpea",0,0,0,0,0,0,0,0,0,0,0,0,0,0,0,0,0,0,0,0,0,0,0,0
"Bacteria.Firmicutes.Erysipelotrichi.Erysipelotrichales.Erysipelotrichaceae.Solobacterium",0,0,2.52803409234547,0,0,6.98039310106823,1.69327527818094,0,0,0,0,0.537781268139448,0,0,0.590162929251984,1.01511893215027,0.835674714811081,0,0,0,0.378909888946657,0.620692434807142,0,0
"Bacteria.Firmicutes.FirmicutesU",0,0,0,0,0,0,0,0,0,0,0,0,0,0,0,0,0,0,0,0,0,0,0,0
"Bacteria.Firmicutes.FirmicutesU.FirmicutesUU",0,0,0,0,0,0,0,0,0,0,0,0,0,0,0,0,0,0,0,0,0,0,0,0
"Bacteria.Firmicutes.FirmicutesU.FirmicutesUU.FirmicutesUUU",0,0,0,0,0,0,0,0,0,0,0,0,0,0,0,0,0,0,0,0,0,0,0,0
"Bacteria.Firmicutes.FirmicutesU.FirmicutesUU.FirmicutesUUU.FirmicutesUUUU",0,0,0,0,0,0,0,0,0,0,0,0,0,0,0,0,0,0,0,0,0,0,0,0
"Bacteria.Fusobacteria",433.701352682787,360.225829216655,828.209248993301,907.308929593053,163.835293448501,1484.54843136783,553.531688437349,325.171818366374,805.722313460892,1550.96793708409,77.0984172292775,1261.44364393758,486.224446668017,211.962967538062,742.99128296141,531.243874125253,267.298914279472,1089.66663801149,421.787515080274,601.605473991479,830.916641160975,608.585797518126,513.094512501207,488.703752251317
"Bacteria.Fusobacteria.Fusobacteria",433.701352682787,360.225829216655,828.209248993301,907.308929593053,163.835293448501,1484.54843136783,553.531688437349,325.171818366374,805.722313460892,1550.96793708409,77.0984172292775,1261.44364393758,486.224446668017,211.962967538062,742.99128296141,531.243874125253,267.298914279472,1089.66663801149,421.787515080274,601.605473991479,830.916641160975,608.585797518126,513.094512501207,488.703752251317
"Bacteria.Fusobacteria.Fusobacteria.Fusobacteriales",433.701352682787,360.225829216655,828.209248993301,907.308929593053,163.835293448501,1484.54843136783,553.531688437349,325.171818366374,805.722313460892,1550.96793708409,77.0984172292775,1261.44364393758,486.224446668017,211.962967538062,742.99128296141,531.243874125253,267.298914279472,1089.66663801149,421.787515080274,601.605473991479,830.916641160975,608.585797518126,513.094512501207,488.703752251317
"Bacteria.Fusobacteria.Fusobacteria.Fusobacteriales.Fusobacteriaceae",378.023779711811,335.525758645025,636.078657975045,710.353300882549,147.547680049225,1352.52489987881,252.162554426705,270.899340555065,733.69872771523,1385.81367211131,66.2522155088633,1147.92996892819,396.77918421989,180.896164910233,674.437003300826,457.788031798801,109.786765658306,1010.8649154263,385.517524051103,534.122207487504,776.653002743923,557.174908978545,447.81399723167,366.204884293385
"Bacteria.Fusobacteria.Fusobacteria.Fusobacteriales.Fusobacteriaceae.FusobacteriaceaeU",0,0,0,0,0,0,0,0,0,0,0,0,0,0,0,0,0,0,0,0,0,0,0,0
"Bacteria.Fusobacteria.Fusobacteria.Fusobacteriales.Fusobacteriaceae.Fusobacterium",378.023779711811,335.525758645025,636.053377634121,710.320474944431,146.063697495068,1352.48276470919,252.162554426705,270.883373365359,733.671026336097,1385.7924984876,66.2522155088633,1147.89411684365,396.737901791068,180.896164910233,674.395274608859,457.75232409767,109.786765658306,1010.79685939316,385.512110619606,534.11436059605,776.629613244605,557.156100116884,447.773191242128,366.195351307551
"Bacteria.Fusobacteria.Fusobacteria.Fusobacteriales.Leptotrichiaceae",55.6775729709758,24.7000705716302,192.130591018256,196.955628710503,16.2876133992766,132.023531489017,301.369134010643,54.2724778113089,72.0235857456618,165.154264972777,10.8462017204142,113.51367500939,89.4452624481267,31.0668026278289,68.554279660584,73.4558423264515,157.512148621167,78.8017225851877,36.2699910291707,67.4832665039745,54.2636384170521,51.4108885395815,65.2805152695365,122.498867957932
"Bacteria.Fusobacteria.Fusobacteria.Fusobacteriales.Leptotrichiaceae.Leptotrichia",55.6775729709758,14.8200423429781,189.45087488037,196.627369329319,16.1971266581695,132.023531489017,301.115142718916,53.9691012068914,71.9958843665288,165.133091349062,10.8462017204142,113.51367500939,89.4452624481267,30.4959918100355,68.5304346937455,58.5912364556682,157.491256753296,64.8108349298358,36.2104432827049,67.4714961667935,54.2075036186897,51.4108885395815,65.2805152695365,122.422604071266
"Bacteria.Fusobacteria.Fusobacteria.Fusobacteriales.Leptotrichiaceae.LeptotrichiaceaeU",0,0,0,0,0,0,0,0,0,0,0,0,0,0,0,0,0,0,0,0,0,0,0,0
"Bacteria.Fusobacteria.Fusobacteria.Fusobacteriales.Leptotrichiaceae.Sneathia",0,0,0,0,0,0,0,0,0,0,0,0,0,0,0,0,0,0,0,0,0,0,0,0
"Bacteria.Fusobacteria.Fusobacteria.Fusobacteriales.Leptotrichiaceae.Streptobacillus",0,9.33662667607622,0,0,0,0,0,0,0,0,0,0,0,0,0,11.7223281712629,0,7.18170244469552,0,0,0,0,0,0
"Bacteria.Lentisphaerae",0,0,0,0,0,0,0,0,0,0,0,0,0,0,0,0,0,0,1.62402944906734,0,0,0,0,0
"Bacteria.Lentisphaerae.Lentisphaeria",0,0,0,0,0,0,0,0,0,0,0,0,0,0,0,0,0,0,1.62402944906734,0,0,0,0,0
"Bacteria.Lentisphaerae.Lentisphaeria.Victivallales",0,0,0,0,0,0,0,0,0,0,0,0,0,0,0,0,0,0,1.62402944906734,0,0,0,0,0
"Bacteria.Lentisphaerae.Lentisphaeria.Victivallales.Victivallaceae",0,0,0,0,0,0,0,0,0,0,0,0,0,0,0,0,0,0,1.62402944906734,0,0,0,0,0
"Bacteria.Lentisphaerae.Lentisphaeria.Victivallales.Victivallaceae.Victivallis",0,0,0,0,0,0,0,0,0,0,0,0,0,0,0,0,0,0,1.62402944906734,0,0,0,0,0
"Bacteria.Proteobacteria",818.101112525145,894.142554693013,1432.88972354141,595.790776849273,1134.68563613472,1405.67139383141,1180.19593613933,871.489214163353,1692.55426502305,2852.08711433757,1099.46139139552,1343.19834738963,2321.44858076907,1146.57243040266,1856.90890882025,1245.15304393578,722.022953596774,1538.78272829985,3449.88245120178,1360.59212642912,1215.3090287477,797.991034442608,1354.33265690389,559.071487179837
"Bacteria.Proteobacteria.Alphaproteobacteria",0,4.94001411432604,0,0,0,0,0,0,0,0,0,0,0,0,0.5961241709616,0,1.67134942962216,0,2.08417112630309,0,0,0,0,0
"Bacteria.Proteobacteria.Alphaproteobacteria.AlphaproteobacteriaU",0,0,0,0,0,0,0,0,0,0,0,0,0,0,0,0,0,0,0,0,0,0,0,0
"Bacteria.Proteobacteria.Alphaproteobacteria.AlphaproteobacteriaU.AlphaproteobacteriaUU",0,0,0,0,0,0,0,0,0,0,0,0,0,0,0,0,0,0,0,0,0,0,0,0
"Bacteria.Proteobacteria.Alphaproteobacteria.AlphaproteobacteriaU.AlphaproteobacteriaUU.AlphaproteobacteriaUUU",0,0,0,0,0,0,0,0,0,0,0,0,0,0,0,0,0,0,0,0,0,0,0,0
"Bacteria.Proteobacteria.Alphaproteobacteria.Caulobacterales",0,0,0,0,0,0,0,0,0,0,0,0,0,0,0,0,0,0,0,0,0,0,0,0
"Bacteria.Proteobacteria.Alphaproteobacteria.Caulobacterales.Caulobacteraceae",0,0,0,0,0,0,0,0,0,0,0,0,0,0,0,0,0,0,0,0,0,0,0,0
"Bacteria.Proteobacteria.Alphaproteobacteria.Caulobacterales.Caulobacteraceae.Brevundimonas",0,0,0,0,0,0,0,0,0,0,0,0,0,0,0,0,0,0,0,0,0,0,0,0
"Bacteria.Proteobacteria.Alphaproteobacteria.Caulobacterales.Caulobacteraceae.Phenylobacterium",0,0,0,0,0,0,0,0,0,0,0,0,0,0,0,0,0,0,0,0,0,0,0,0
"Bacteria.Proteobacteria.Alphaproteobacteria.Rhizobiales",0,0,0,0,0,0,0,0,0,0,0,0,0,0,0.5961241709616,0,0.41783735740554,0,0,0,0,0,0,0
"Bacteria.Proteobacteria.Alphaproteobacteria.Rhizobiales.Aurantimonadaceae",0,0,0,0,0,0,0,0,0,0,0,0,0,0,0,0,0,0,0,0,0,0,0,0
"Bacteria.Proteobacteria.Alphaproteobacteria.Rhizobiales.Aurantimonadaceae.Aurantimonas",0,0,0,0,0,0,0,0,0,0,0,0,0,0,0,0,0,0,0,0,0,0,0,0
"Bacteria.Proteobacteria.Alphaproteobacteria.Rhizobiales.Beijerinckiaceae",0,0,0,0,0,0,0,0,0,0,0,0,0,0,0,0,0,0,0,0,0,0,0,0
"Bacteria.Proteobacteria.Alphaproteobacteria.Rhizobiales.Beijerinckiaceae.Beijerinckia",0,0,0,0,0,0,0,0,0,0,0,0,0,0,0,0,0,0,0,0,0,0,0,0
"Bacteria.Proteobacteria.Alphaproteobacteria.Rhizobiales.Beijerinckiaceae.BeijerinckiaceaeU",0,0,0,0,0,0,0,0,0,0,0,0,0,0,0,0,0,0,0,0,0,0,0,0
"Bacteria.Proteobacteria.Alphaproteobacteria.Rhizobiales.Bradyrhizobiaceae",0,0,0,0,0,0,0,0,0,0,0,0,0,0,0,0,0,0,0,0,0,0,0,0
"Bacteria.Proteobacteria.Alphaproteobacteria.Rhizobiales.Bradyrhizobiaceae.Afipia",0,0,0,0,0,0,0,0,0,0,0,0,0,0,0,0,0,0,0,0,0,0,0,0
"Bacteria.Proteobacteria.Alphaproteobacteria.Rhizobiales.Bradyrhizobiaceae.Bradyrhizobium",0,0,0,0,0,0,0,0,0,0,0,0,0,0,0,0,0,0,0,0,0,0,0,0
"Bacteria.Proteobacteria.Alphaproteobacteria.Rhizobiales.Hyphomicrobiaceae",0,0,0,0,0,0,0,0,0,0,0,0,0,0,0,0,0,0,0,0,0,0,0,0
"Bacteria.Proteobacteria.Alphaproteobacteria.Rhizobiales.Hyphomicrobiaceae.Hyphomicrobium",0,0,0,0,0,0,0,0,0,0,0,0,0,0,0,0,0,0,0,0,0,0,0,0
"Bacteria.Proteobacteria.Alphaproteobacteria.Rhizobiales.Methylobacteriaceae",0,0,0,0,0,0,0,0,0,0,0,0,0,0,0,0,0.41783735740554,0,0,0,0,0,0,0
"Bacteria.Proteobacteria.Alphaproteobacteria.Rhizobiales.Methylobacteriaceae.Methylobacterium",0,0,0,0,0,0,0,0,0,0,0,0,0,0,0,0,0.41783735740554,0,0,0,0,0,0,0
"Bacteria.Proteobacteria.Alphaproteobacteria.Rhizobiales.Phyllobacteriaceae",0,0,0,0,0,0,0,0,0,0,0,0,0,0,0,0,0,0,0,0,0,0,0,0
"Bacteria.Proteobacteria.Alphaproteobacteria.Rhizobiales.Phyllobacteriaceae.Phyllobacterium",0,0,0,0,0,0,0,0,0,0,0,0,0,0,0,0,0,0,0,0,0,0,0,0
"Bacteria.Proteobacteria.Alphaproteobacteria.Rhizobiales.Rhizobiaceae",0,0,0,0,0,0,0,0,0,0,0,0,0,0,0,0,0,0,0,0,0,0,0,0
"Bacteria.Proteobacteria.Alphaproteobacteria.Rhizobiales.Rhizobiaceae.Rhizobium",0,0,0,0,0,0,0,0,0,0,0,0,0,0,0,0,0,0,0,0,0,0,0,0
"Bacteria.Proteobacteria.Alphaproteobacteria.Rhizobiales.RhizobialesU",0,0,0,0,0,0,0,0,0,0,0,0,0,0,0,0,0,0,0,0,0,0,0,0
"Bacteria.Proteobacteria.Alphaproteobacteria.Rhizobiales.RhizobialesU.RhizobialesUU",0,0,0,0,0,0,0,0,0,0,0,0,0,0,0,0,0,0,0,0,0,0,0,0
"Bacteria.Proteobacteria.Alphaproteobacteria.Rhizobiales.Xanthobacteraceae",0,0,0,0,0,0,0,0,0,0,0,0,0,0,0.5961241709616,0,0,0,0,0,0,0,0,0
"Bacteria.Proteobacteria.Alphaproteobacteria.Rhizobiales.Xanthobacteraceae.Xanthobacter",0,0,0,0,0,0,0,0,0,0,0,0,0,0,0.47689933676928,0,0,0,0,0,0,0,0,0
"Bacteria.Proteobacteria.Alphaproteobacteria.Rhodobacterales",0,0,0,0,0,0,0,0,0,0,0,0,0,0,0,0,0,0,0,0,0,0,0,0
"Bacteria.Proteobacteria.Alphaproteobacteria.Rhodobacterales.Rhodobacteraceae",0,0,0,0,0,0,0,0,0,0,0,0,0,0,0,0,0,0,0,0,0,0,0,0
"Bacteria.Proteobacteria.Alphaproteobacteria.Rhodobacterales.Rhodobacteraceae.Paracoccus",0,0,0,0,0,0,0,0,0,0,0,0,0,0,0,0,0,0,0,0,0,0,0,0
"Bacteria.Proteobacteria.Alphaproteobacteria.Rhodobacterales.Rhodobacteraceae.Rhodobacter",0,0,0,0,0,0,0,0,0,0,0,0,0,0,0,0,0,0,0,0,0,0,0,0
"Bacteria.Proteobacteria.Alphaproteobacteria.Sphingomonadales",0,4.94001411432604,0,0,0,0,0,0,0,0,0,0,0,0,0,0,1.25351207221662,0,1.08268629937823,0,0,0,0,0
"Bacteria.Proteobacteria.Alphaproteobacteria.Sphingomonadales.Sphingomonadaceae",0,4.94001411432604,0,0,0,0,0,0,0,0,0,0,0,0,0,0,1.25351207221662,0,1.08268629937823,0,0,0,0,0
"Bacteria.Proteobacteria.Alphaproteobacteria.Sphingomonadales.Sphingomonadaceae.Novosphingobium",0,0,0,0,0,0,0,0,0,0,0,0,0,0,0,0,0,0,0,0,0,0,0,0
"Bacteria.Proteobacteria.Alphaproteobacteria.Sphingomonadales.Sphingomonadaceae.Sphingobium",0,0,0,0,0,0,0,0,0,0,0,0,0,0,0,0,0,0,1.01231168991864,0,0,0,0,0
"Bacteria.Proteobacteria.Alphaproteobacteria.Sphingomonadales.Sphingomonadaceae.Sphingomonas",0,4.94001411432604,0,0,0,0,0,0,0,0,0,0,0,0,0,0,1.2367985779204,0,0,0,0,0,0,0
"Bacteria.Proteobacteria.Betaproteobacteria",300.838499117369,98.8002822865208,452.290579461529,180.542659651295,30.7654919764114,446.618752959494,492.726173197871,84.6261054427588,299.174894635826,1767.99758015729,128.346720358235,198.973093864172,1263.2423219597,245.827308332304,941.262182223237,298.883660666073,156.689009027078,388.273996659626,915.270516905373,655.156584718964,356.919081688161,89.6304954343727,139.162026334761,56.2207839518993
"Bacteria.Proteobacteria.Betaproteobacteria.BetaproteobacteriaU",0,0,0,0,0,0,0,0,0,0,0,0,0,0,0,0,0,0,0,0,0,0,0,0
"Bacteria.Proteobacteria.Betaproteobacteria.BetaproteobacteriaU.BetaproteobacteriaUU",0,0,0,0,0,0,0,0,0,0,0,0,0,0,0,0,0,0,0,0,0,0,0,0
"Bacteria.Proteobacteria.Betaproteobacteria.BetaproteobacteriaU.BetaproteobacteriaUU.BetaproteobacteriaUUU",0,0,0,0,0,0,0,0,0,0,0,0,0,0,0,0,0,0,0,0,0,0,0,0
"Bacteria.Proteobacteria.Betaproteobacteria.Burkholderiales",5.93594769900242,9.88002822865208,11.3508730746312,7.64844358159122,0,15.2388863474025,3.11562651185293,1.500915832381,0,9.95160314579552,0,0,1.23847286466637,4.23304259928031,3.36810156593304,11.258128056561,12.1047482440385,4.0690344025806,4.76381971726421,2.25990473873775,7.83080437156425,5.76178128876529,0.838789785030161,3.21261622582282
"Bacteria.Proteobacteria.Betaproteobacteria.Burkholderiales.Alcaligenaceae",0,0,0,0,0,0,0,0,0,0,0,0,0,1.04554456724547,0,0,0.334269885924432,0.35818964811449,2.16537259875646,0,0.467789986353898,0,0,0
"Bacteria.Proteobacteria.Betaproteobacteria.Burkholderiales.Alcaligenaceae.AlcaligenaceaeU",0,0,0,0,0,0,0,0,0,0,0,0,0,0,0,0,0,0,0,0,0,0,0,0
"Bacteria.Proteobacteria.Betaproteobacteria.Burkholderiales.Alcaligenaceae.Parasutterella",0,0,0,0,0,0,0,0,0,0,0,0,0,0.565159225538092,0,0,0,0.35818964811449,2.16537259875646,0,0.467789986353898,0,0,0
"Bacteria.Proteobacteria.Betaproteobacteria.Burkholderiales.Alcaligenaceae.Sutterella",0,0,0,0,0,0,0,0,0,0,0,0,0,0,0,0,0,0,0,0,0,0,0,0
"Bacteria.Proteobacteria.Betaproteobacteria.Burkholderiales.Burkholderiaceae",0,0,0,1.64129690592086,0,0,0,0,0,0,0,0,0,0,0,0,0,0,0,0,0.467789986353898,0,0,0
"Bacteria.Proteobacteria.Betaproteobacteria.Burkholderiales.Burkholderiaceae.Burkholderia",0,0,0,1.64129690592086,0,0,0,0,0,0,0,0,0,0,0,0,0,0,0,0,0.467789986353898,0,0,0
"Bacteria.Proteobacteria.Betaproteobacteria.Burkholderiales.Burkholderiaceae.BurkholderiaceaeU",0,0,0,0,0,0,0,0,0,0,0,0,0,0,0,0,0,0,0,0,0,0,0,0
"Bacteria.Proteobacteria.Betaproteobacteria.Burkholderiales.Burkholderiaceae.Ralstonia",0,0,0,0,0,0,0,0,0,0,0,0,0,0,0,0,0,0,0,0,0,0,0,0
"Bacteria.Proteobacteria.Betaproteobacteria.Burkholderiales.Burkholderiales_incertae_sedis",0,0,0,0,0,0,0,0,0,0,0,0,0,0,0,4.07067792892419,0,0,0,0,0,0,0,0
"Bacteria.Proteobacteria.Betaproteobacteria.Burkholderiales.Burkholderiales_incertae_sedis.Aquabacterium",0,0,0,0,0,0,0,0,0,0,0,0,0,0,0,3.9941614265008,0,0,0,0,0,0,0,0
"Bacteria.Proteobacteria.Betaproteobacteria.Burkholderiales.Burkholderiales_incertae_sedis.Tepidimonas",0,0,0,0,0,0,0,0,0,0,0,0,0,0,0,0,0,0,0,0,0,0,0,0
"Bacteria.Proteobacteria.Betaproteobacteria.Burkholderiales.BurkholderialesU",0,0,0,0,0,0,0,0,0,0,0,0,0,0,0,0,0,0,0,0,0,0,0,0
"Bacteria.Proteobacteria.Betaproteobacteria.Burkholderiales.BurkholderialesU.BurkholderialesUU",0,0,0,0,0,0,0,0,0,0,0,0,0,0,0,0,0,0,0,0,0,0,0,0
"Bacteria.Proteobacteria.Betaproteobacteria.Burkholderiales.Comamonadaceae",0,9.88002822865208,0,1.5264061225064,0,1.40450565413848,0,0,0,0,0,0,0,0,0,0.510110016155913,4.57949743716472,1.06382325490003,0,0.376650789789625,0,0,0,1.90659716666043
"Bacteria.Proteobacteria.Betaproteobacteria.Burkholderiales.Comamonadaceae.Acidovorax",0,0,0,0,0,0,0,0,0,0,0,0,0,0,0,0.510110016155913,0.835674714811081,0,0,0,0,0,0,0
"Bacteria.Proteobacteria.Betaproteobacteria.Burkholderiales.Comamonadaceae.Brachymonas",0,0,0,0,0,1.15169463639355,0,0,0,0,0,0,0,0,0,0,0,0,0,0,0,0,0,0
"Bacteria.Proteobacteria.Betaproteobacteria.Burkholderiales.Comamonadaceae.ComamonadaceaeU",0,0,0,0,0,0,0,0,0,0,0,0,0,0,0,0,0,0,0,0,0,0,0,0
"Bacteria.Proteobacteria.Betaproteobacteria.Burkholderiales.Comamonadaceae.Delftia",0,0,0,0,0,0,0,0,0,0,0,0,0,0,0,0,0,0.641159470124937,0,0,0,0,0,0
"Bacteria.Proteobacteria.Betaproteobacteria.Burkholderiales.Comamonadaceae.Pelomonas",0,9.08962597035991,0,0,0,0,0,0,0,0,0,0,0,0,0,0,0,0,0,0,0,0,0,0
"Bacteria.Proteobacteria.Betaproteobacteria.Burkholderiales.Comamonadaceae.Roseateles",0,0,0,0,0,0,0,0,0,0,0,0,0,0,0,0,0,0,0,0,0,0,0,0
"Bacteria.Proteobacteria.Betaproteobacteria.Burkholderiales.Comamonadaceae.Variovorax",0,0,0,0,0,0,0,0,0,0,0,0,0,0,0,0,0,0,0,0,0,0,0,0
"Bacteria.Proteobacteria.Betaproteobacteria.Burkholderiales.Oxalobacteraceae",0,0,0,0,0,0,0,0,0,0,0,0,0,0,0.5961241709616,0,0,0,1.07185943638445,0,0,0,0,0
"Bacteria.Proteobacteria.Betaproteobacteria.Burkholderiales.Oxalobacteraceae.Duganella",0,0,0,0,0,0,0,0,0,0,0,0,0,0,0,0,0,0,0,0,0,0,0,0
"Bacteria.Proteobacteria.Betaproteobacteria.Burkholderiales.Oxalobacteraceae.Herminiimonas",0,0,0,0,0,0,0,0,0,0,0,0,0,0,0,0,0,0,0,0,0,0,0,0
"Bacteria.Proteobacteria.Betaproteobacteria.Burkholderiales.Oxalobacteraceae.Janthinobacterium",0,0,0,0,0,0,0,0,0,0,0,0,0,0,0,0,0,0,0,0,0,0,0,0
"Bacteria.Proteobacteria.Betaproteobacteria.Burkholderiales.Oxalobacteraceae.Massilia",0,0,0,0,0,0,0,0,0,0,0,0,0,0,0.53651175386544,0,0,0,0,0,0,0,0,0
"Bacteria.Proteobacteria.Betaproteobacteria.Burkholderiales.Oxalobacteraceae.OxalobacteraceaeU",0,0,0,0,0,0,0,0,0,0,0,0,0,0,0,0,0,0,0,0,0,0,0,0
"Bacteria.Proteobacteria.Betaproteobacteria.Neisseriales",294.552321523872,88.9202540578687,437.021253543762,172.33617512169,30.7654919764114,429.764685109832,489.288824383164,83.0293864721407,299.174894635826,1757.41076830006,128.322617687745,198.339707037252,1261.81119776053,241.277776566722,937.685437197468,285.115791330025,144.149709931337,383.975720882252,910.328053948712,652.794670391325,348.503539833654,83.3734141218725,138.246158569485,52.4314220831617
"Bacteria.Proteobacteria.Betaproteobacteria.Neisseriales.Neisseriaceae",294.552321523872,88.9202540578687,437.021253543762,172.33617512169,30.7654919764114,429.764685109832,489.288824383164,83.0293864721407,299.174894635826,1757.41076830006,128.322617687745,198.339707037252,1261.81119776053,241.277776566722,937.685437197468,285.115791330025,144.149709931337,383.975720882252,910.328053948712,652.794670391325,348.503539833654,83.3734141218725,138.246158569485,52.4314220831617
"Bacteria.Proteobacteria.Betaproteobacteria.Neisseriales.Neisseriaceae.Conchiformibius",0,0,0,0,0,0,0,0,0,0,0,0,0,0,0,0,0,0,0,0,0,0,0,0
"Bacteria.Proteobacteria.Betaproteobacteria.Neisseriales.Neisseriaceae.Kingella",8.5222607660413,0,7.05321511764387,0,5.41110711820412,1.40450565413848,0,6.19526960599819,0,8.06715063520871,1.14487684826594,25.3115716870967,0,80.1395781813015,0.494783061898128,1.35179154281317,4.87616196092266,8.78997396472958,4.83419432672379,3.20545515893879,3.5645596960167,1.8432684427606,3.85843301113874,8.54155530663871
"Bacteria.Proteobacteria.Betaproteobacteria.Neisseriales.Neisseriaceae.Neisseria",279.366712508724,77.5088214537756,401.30013181892,169.824990855632,21.4815523388237,406.744837438503,465.820029027576,68.227801614511,294.271750529294,1733.10344827586,124.815679131477,148.7323727251,1248.36688677409,140.781163081539,921.017805377382,281.335876110309,132.019891445855,363.712932488415,843.759086831443,640.376964665449,335.344607517519,76.2950125168496,129.735842750557,40.4436923977843
"Bacteria.Proteobacteria.Betaproteobacteria.Neisseriales.Neisseriaceae.NeisseriaceaeU",0,0,0,0,0,0,0,0,0,0,0,0,0,0,0,0,0,0,0,0,0,0,0,0
"Bacteria.Proteobacteria.Betaproteobacteria.Neisseriales.Neisseriaceae.Simonsiella",0,0,0,0,0,0,0,0,0,0,0,0,0,0.565159225538092,0,0,0,0,0,0,0,0,0,0
"Bacteria.Proteobacteria.Betaproteobacteria.Rhodocyclales",0,0,0,0,0,0,0,0,0,0,0,0.537781268139448,0,0,0,2.00473236349274,0,0,0,0,0,0,0,0
"Bacteria.Proteobacteria.Betaproteobacteria.Rhodocyclales.Rhodocyclaceae",0,0,0,0,0,0,0,0,0,0,0,0.537781268139448,0,0,0,2.00473236349274,0,0,0,0,0,0,0,0
"Bacteria.Proteobacteria.Betaproteobacteria.Rhodocyclales.Rhodocyclaceae.Azonexus",0,0,0,0,0,0,0,0,0,0,0,0,0,0,0,0.510110016155913,0,0,0,0,0,0,0,0
"Bacteria.Proteobacteria.Betaproteobacteria.Rhodocyclales.Rhodocyclaceae.Propionivibrio",0,0,0,0,0,0,0,0,0,0,0,0.525830573291905,0,0,0,0.474402315024999,0,0,0,0,0,0,0,0
"Bacteria.Proteobacteria.Betaproteobacteria.Rhodocyclales.Rhodocyclaceae.Shinella",0,0,0,0,0,0,0,0,0,0,0,0,0,0,0,0,0,0,0,0,0,0,0,0
"Bacteria.Proteobacteria.Betaproteobacteria.Rhodocyclales.Rhodocyclaceae.Zoogloea",0,0,0,0,0,0,0,0,0,0,0,0,0,0,0,1.02022003231183,0,0,0,0,0,0,0,0
"Bacteria.Proteobacteria.Deltaproteobacteria",0,0,0,0,0,0,0,0,0,0,0,1.79260422713149,0,0,0,0,0,0,0,0,0,0,0,0
"Bacteria.Proteobacteria.Deltaproteobacteria.Desulfovibrionales",0,0,0,0,0,0,0,0,0,0,0,1.79260422713149,0,0,0,0,0,0,0,0,0,0,0,0
"Bacteria.Proteobacteria.Deltaproteobacteria.Desulfovibrionales.Desulfovibrionaceae",0,0,0,0,0,0,0,0,0,0,0,1.78065353228395,0,0,0,0,0,0,0,0,0,0,0,0
"Bacteria.Proteobacteria.Deltaproteobacteria.Desulfovibrionales.Desulfovibrionaceae.Desulfovibrio",0,0,0,0,0,0,0,0,0,0,0,1.78065353228395,0,0,0,0,0,0,0,0,0,0,0,0
"Bacteria.Proteobacteria.Epsilonproteobacteria",348.433843753849,503.881439661256,63.2008523086369,192.031737992741,327.562002807674,112.360452331078,152.394775036284,134.092459152507,188.369378104038,52.9340592861464,659.774450652795,99.1907672346093,557.299028290259,105.684775175623,301.63883050657,150.99256478215,117.830134788362,156.528876226032,70.3746094595849,68.2679556493695,466.85440638119,97.8060806362769,12.2417968626023,173.500342166099
"Bacteria.Proteobacteria.Epsilonproteobacteria.Campylobacterales",348.433843753849,503.881439661256,63.2008523086369,192.031737992741,327.562002807674,112.360452331078,152.394775036284,134.092459152507,188.369378104038,52.9340592861464,659.774450652795,99.1907672346093,557.299028290259,105.684775175623,301.63883050657,150.99256478215,117.830134788362,156.528876226032,70.3746094595849,68.2679556493695,466.85440638119,97.8060806362769,12.2417968626023,173.500342166099
"Bacteria.Proteobacteria.Epsilonproteobacteria.Campylobacterales.Campylobacteraceae",348.433843753849,503.881439661256,63.2008523086369,192.031737992741,327.543905459453,112.360452331078,152.394775036284,134.076491962801,188.341676724906,52.9340592861464,659.714193976571,99.1907672346093,557.299028290259,105.650865622091,301.63883050657,150.99256478215,117.830134788362,156.528876226032,70.3746094595849,68.2679556493695,466.849728481327,97.8060806362769,12.2417968626023,173.495575673182
"Bacteria.Proteobacteria.Epsilonproteobacteria.Campylobacterales.Campylobacteraceae.Campylobacter",348.433843753849,503.881439661256,63.2008523086369,192.031737992741,327.543905459453,112.360452331078,152.394775036284,134.076491962801,188.341676724906,52.9340592861464,659.714193976571,99.1907672346093,557.299028290259,105.650865622091,301.63883050657,150.99256478215,117.830134788362,156.528876226032,70.3746094595849,68.2679556493695,466.849728481327,97.8060806362769,12.2417968626023,173.495575673182
"Bacteria.Proteobacteria.Epsilonproteobacteria.Campylobacterales.CampylobacteralesU",0,0,0,0,0,0,0,0,0,0,0,0,0,0,0,0,0,0,0,0,0,0,0,0
"Bacteria.Proteobacteria.Epsilonproteobacteria.Campylobacterales.CampylobacteralesU.CampylobacteralesUU",0,0,0,0,0,0,0,0,0,0,0,0,0,0,0,0,0,0,0,0,0,0,0,0
"Bacteria.Proteobacteria.Epsilonproteobacteria.Campylobacterales.Helicobacteraceae",0,0,0,0,0,0,0,0,0,0,0,0,0,0,0,0,0,0,0,0,0,0,0,0
"Bacteria.Proteobacteria.Epsilonproteobacteria.Campylobacterales.Helicobacteraceae.Helicobacter",0,0,0,0,0,0,0,0,0,0,0,0,0,0,0,0,0,0,0,0,0,0,0,0
"Bacteria.Proteobacteria.Epsilonproteobacteria.Campylobacterales.Helicobacteraceae.HelicobacteraceaeU",0,0,0,0,0,0,0,0,0,0,0,0,0,0,0,0,0,0,0,0,0,0,0,0
"Bacteria.Proteobacteria.Epsilonproteobacteria.Campylobacterales.Helicobacteraceae.Wolinella",0,0,0,0,0,0,0,0,0,0,0,0,0,0,0,0,0,0,0,0,0,0,0,0
"Bacteria.Proteobacteria.Gammaproteobacteria",168.828769653927,286.52081863091,917.398291771249,223.216379205237,776.34004400241,846.678143484298,534.990324141267,652.770649568088,1204.95458952492,1031.13430127042,311.24380970253,1043.24188206371,500.893469709509,794.986876195413,613.405810677777,795.261515187069,445.832460351712,993.976273517709,2461.41692702694,637.167586060782,391.535540678349,610.541919130852,1202.82455173325,329.326528597255
"Bacteria.Proteobacteria.Gammaproteobacteria.Cardiobacteriales",2.69407611149883,0,0,0,0,1.40450565413848,0,0,0,0,0.602566762245233,11.3531601051661,0,4.52127380430474,0,0,0,1.43275859245796,0.541343149689114,2.35406743618516,0.467789986353898,0,0,1.90659716666043
"Bacteria.Proteobacteria.Gammaproteobacteria.Cardiobacteriales.Cardiobacteriaceae",2.69407611149883,0,0,0,0,1.40450565413848,0,0,0,0,0.602566762245233,11.3531601051661,0,4.52127380430474,0,0,0,1.43275859245796,0.541343149689114,2.35406743618516,0.467789986353898,0,0,1.90659716666043
"Bacteria.Proteobacteria.Gammaproteobacteria.Cardiobacteriales.Cardiobacteriaceae.CardiobacteriaceaeU",0,0,0,0,0,0,0,0,0,0,0,0,0,0,0,0,0,0,0,0,0,0,0,0
"Bacteria.Proteobacteria.Gammaproteobacteria.Cardiobacteriales.Cardiobacteriaceae.Cardiobacterium",2.69407611149883,0,0,0,0,1.40450565413848,0,0,0,0,0.602566762245233,11.3531601051661,0,4.52127380430474,0,0,0,1.43275859245796,0.541343149689114,2.35406743618516,0.467789986353898,0,0,1.90659716666043
"Bacteria.Proteobacteria.Gammaproteobacteria.Enterobacteriales",1.79605074099922,4.94001411432604,0,0,0,0,0,0,0,0,0,0,0,0,0,1.52522894830618,0.41783735740554,0,0,0,0,0,0,0.476649291665106
"Bacteria.Proteobacteria.Gammaproteobacteria.Enterobacteriales.Enterobacteriaceae",1.79605074099922,4.94001411432604,0,0,0,0,0,0,0,0,0,0,0,0,0,1.52522894830618,0.41783735740554,0,0,0,0,0,0,0.476649291665106
"Bacteria.Proteobacteria.Gammaproteobacteria.Enterobacteriales.Enterobacteriaceae.Citrobacter",0,0,0,0,0,0,0,0,0,0,0,0,0,0,0,0,0,0,0,0,0,0,0,0
"Bacteria.Proteobacteria.Gammaproteobacteria.Enterobacteriales.Enterobacteriaceae.Cronobacter",0,0,0,0,0,0,0,0,0,0,0,0,0,0,0,0.428492413570967,0,0,0,0,0,0,0,0
"Bacteria.Proteobacteria.Gammaproteobacteria.Enterobacteriales.Enterobacteriaceae.Enterobacter",0,0,0,0,0,0,0,0,0,0,0,0,0,0,0,0,0,0,0,0,0,0,0,0
"Bacteria.Proteobacteria.Gammaproteobacteria.Enterobacteriales.Enterobacteriaceae.EnterobacteriaceaeU",0,0,0,0,0,0,0,0,0,0,0,0,0,0,0,0,0,0,0,0,0,0,0,0
"Bacteria.Proteobacteria.Gammaproteobacteria.Enterobacteriales.Enterobacteriaceae.Erwinia",0,0,0,0,0,0,0,0,0,0,0,0,0,0,0,0,0,0,0,0,0,0,0,0
"Bacteria.Proteobacteria.Gammaproteobacteria.Enterobacteriales.Enterobacteriaceae.Escherichia/Shigella",0,0,0,0,0,0,0,0,0,0,0,0,0,0,0,1.02022003231183,0,0,0,0,0,0,0,0.476649291665106
"Bacteria.Proteobacteria.Gammaproteobacteria.Enterobacteriales.Enterobacteriaceae.Proteus",0,0,0,0,0,0,0,0,0,0,0,0,0,0,0,0,0,0,0,0,0,0,0,0
"Bacteria.Proteobacteria.Gammaproteobacteria.Enterobacteriales.Enterobacteriaceae.Providencia",1.79605074099922,4.94001411432604,0,0,0,0,0,0,0,0,0,0,0,0,0,0,0,0,0,0,0,0,0,0
"Bacteria.Proteobacteria.Gammaproteobacteria.Enterobacteriales.Enterobacteriaceae.Serratia",0,0,0,0,0,0,0,0,0,0,0,0,0,0,0,0,0,0,0,0,0,0,0,0
"Bacteria.Proteobacteria.Gammaproteobacteria.Enterobacteriales.Enterobacteriaceae.Yersinia",0,0,0,0,0,0,0,0,0,0,0,0,0,0,0,0,0,0,0,0,0,0,0,0
"Bacteria.Proteobacteria.Gammaproteobacteria.GammaproteobacteriaU",0,0,0,0,0,0,0,0,0,0,0,0,0,0,0,0,0,0,0,0,0,0,0,0
"Bacteria.Proteobacteria.Gammaproteobacteria.GammaproteobacteriaU.GammaproteobacteriaUU",0,0,0,0,0,0,0,0,0,0,0,0,0,0,0,0,0,0,0,0,0,0,0,0
"Bacteria.Proteobacteria.Gammaproteobacteria.GammaproteobacteriaU.GammaproteobacteriaUU.GammaproteobacteriaUUU",0,0,0,0,0,0,0,0,0,0,0,0,0,0,0,0,0,0,0,0,0,0,0,0
"Bacteria.Proteobacteria.Gammaproteobacteria.Pasteurellales",164.338642801429,281.580804516584,914.870257678904,223.216379205237,776.321946654188,845.259592773618,534.990324141267,652.722747998969,1204.95458952492,1031.1131276467,310.611114602173,1031.26131047905,500.879708899902,790.448647614342,612.803725265105,792.710965106289,445.414622994306,991.465364084426,2460.81062269929,634.421174051899,391.067750691995,610.516840648637,1202.80188173906,326.938515646013
"Bacteria.Proteobacteria.Gammaproteobacteria.Pasteurellales.Pasteurellaceae",164.338642801429,281.580804516584,914.870257678904,223.216379205237,776.321946654188,845.259592773618,534.990324141267,652.722747998969,1204.95458952492,1031.1131276467,310.611114602173,1031.26131047905,500.879708899902,790.448647614342,612.803725265105,792.710965106289,445.414622994306,991.465364084426,2460.81062269929,634.421174051899,391.067750691995,610.516840648637,1202.80188173906,326.938515646013
"Bacteria.Proteobacteria.Gammaproteobacteria.Pasteurellales.Pasteurellaceae.Actinobacillus",4.56196888213802,12.1030345800988,66.4367359468391,6.90985997392683,35.3803157728731,45.0003611585968,23.6550556361877,35.7345705624328,25.6791784562417,35.6140350877193,8.32747265422912,39.8436166217093,195.472300473175,26.8789727665917,50.903042958411,21.9245284943811,22.1913420518083,140.206173961455,50.5127292974912,10.2715809132212,16.1247208296189,11.5235625775306,28.6684746526795,12.1783894020435
"Bacteria.Proteobacteria.Gammaproteobacteria.Pasteurellales.Pasteurellaceae.Aggregatibacter",26.8150375631184,4.742413549753,23.2579136495784,0,0,3.62362458767727,0,1.35721112502538,5.34636617265874,34.9788263762855,0,9.09447877898044,16.4716891000627,10.5402195562854,0.518628028736592,28.2345893942298,5.07672389247732,2.37479736699907,36.7030655489219,33.7494801434412,2.23603613477163,2.06270516213687,26.3742712406511,0
"Bacteria.Proteobacteria.Gammaproteobacteria.Pasteurellales.Pasteurellaceae.Haemophilus",61.0208239254485,62.0959774170783,74.7792484515791,27.7871566172402,106.539088979491,87.7956484401961,62.1262699564586,69.2497017557066,478.070401076397,387.159709618875,135.969189900637,334.577628299245,37.2229899880281,274.825628194663,96.5840381791984,138.989676102002,102.073488040599,193.168095331663,550.784174219694,22.1517745745023,113.499884389046,86.7590092208205,237.749297068252,95.5824824576038
"Bacteria.Proteobacteria.Gammaproteobacteria.Pasteurellales.Pasteurellaceae.Mannheimia",0,0,0,0,0,0,0,0,0,0,0,0,0,0,0,0,0,0,0,0,0,0,0,0
"Bacteria.Proteobacteria.Gammaproteobacteria.Pasteurellales.Pasteurellaceae.Pasteurella",0,0,2.17410931941711,0,4.5062397071332,1.15169463639355,0,7.855857335441,0,1.71506352087114,0.488079077418638,1.48188616109537,1.11462557819973,0.452127380430474,1.91951983049635,0,0,1.79094824057245,36.0372134748043,4.59043150056105,0,2.62697101196154,0.784381798974151,0
"Bacteria.Proteobacteria.Gammaproteobacteria.Pasteurellales.Pasteurellaceae.PasteurellaceaeU",0,0,0,0,0,0,0,0,0,0,0,0,0,0,0,0,0,0,0,0,0,0,0,0
"Bacteria.Proteobacteria.Gammaproteobacteria.Pseudomonadales",0,0,2.52803409234547,0,0,0,0,0,0,0,0,0.597534742377164,0,0,0,1.02022003231183,0,1.07456894434347,0,0.392344572697526,0,0,0,0
"Bacteria.Proteobacteria.Gammaproteobacteria.Pseudomonadales.Moraxellaceae",0,0,0,0,0,0,0,0,0,0,0,0.597534742377164,0,0,0,0,0,1.07456894434347,0,0,0,0,0,0
"Bacteria.Proteobacteria.Gammaproteobacteria.Pseudomonadales.Moraxellaceae.Acinetobacter",0,0,0,0,0,0,0,0,0,0,0,0,0,0,0,0,0,0,0,0,0,0,0,0
"Bacteria.Proteobacteria.Gammaproteobacteria.Pseudomonadales.Moraxellaceae.Enhydrobacter",0,0,0,0,0,0,0,0,0,0,0,0,0,0,0,0,0,0,0,0,0,0,0,0
"Bacteria.Proteobacteria.Gammaproteobacteria.Pseudomonadales.Moraxellaceae.Moraxella",0,0,0,0,0,0,0,0,0,0,0,0.597534742377164,0,0,0,0,0,0,0,0,0,0,0,0
"Bacteria.Proteobacteria.Gammaproteobacteria.Pseudomonadales.Moraxellaceae.MoraxellaceaeU",0,0,0,0,0,0,0,0,0,0,0,0,0,0,0,0,0,0,0,0,0,0,0,0
"Bacteria.Proteobacteria.Gammaproteobacteria.Pseudomonadales.Pseudomonadaceae",0,0,2.52803409234547,0,0,0,0,0,0,0,0,0,0,0,0,1.02022003231183,0,0,0,0.392344572697526,0,0,0,0
"Bacteria.Proteobacteria.Gammaproteobacteria.Pseudomonadales.Pseudomonadaceae.Pseudomonas",0,0,2.52803409234547,0,0,0,0,0,0,0,0,0,0,0,0,1.02022003231183,0,0,0,0.392344572697526,0,0,0,0
"Bacteria.Proteobacteria.Gammaproteobacteria.Xanthomonadales",0,0,0,0,0,0,0,0,0,0,0,0,0,0,0.5961241709616,0,0,0,0,0,0,0,0,0
"Bacteria.Proteobacteria.Gammaproteobacteria.Xanthomonadales.Xanthomonadaceae",0,0,0,0,0,0,0,0,0,0,0,0,0,0,0.5961241709616,0,0,0,0,0,0,0,0,0
"Bacteria.Proteobacteria.Gammaproteobacteria.Xanthomonadales.Xanthomonadaceae.Dyella",0,0,0,0,0,0,0,0,0,0,0,0,0,0,0.548434237284672,0,0,0,0,0,0,0,0,0
"Bacteria.Proteobacteria.Gammaproteobacteria.Xanthomonadales.Xanthomonadaceae.Pseudoxanthomonas",0,0,0,0,0,0,0,0,0,0,0,0,0,0,0,0,0,0,0,0,0,0,0,0
"Bacteria.Proteobacteria.Gammaproteobacteria.Xanthomonadales.Xanthomonadaceae.Stenotrophomonas",0,0,0,0,0,0,0,0,0,0,0,0,0,0,0,0,0,0,0,0,0,0,0,0
"Bacteria.Proteobacteria.ProteobacteriaU",0,0,0,0,0,0,0,0,0,0,0,0,0,0,0,0,0,0,0,0,0,0,0,0
"Bacteria.Proteobacteria.ProteobacteriaU.ProteobacteriaUU",0,0,0,0,0,0,0,0,0,0,0,0,0,0,0,0,0,0,0,0,0,0,0,0
"Bacteria.Proteobacteria.ProteobacteriaU.ProteobacteriaUU.ProteobacteriaUUU",0,0,0,0,0,0,0,0,0,0,0,0,0,0,0,0,0,0,0,0,0,0,0,0
"Bacteria.Proteobacteria.ProteobacteriaU.ProteobacteriaUU.ProteobacteriaUUU.ProteobacteriaUUUU",0,0,0,0,0,0,0,0,0,0,0,0,0,0,0,0,0,0,0,0,0,0,0,0
"Bacteria.Spirochaetes",33.9363787511803,34.5800988002823,27.8083750158002,68.9344700486762,9.04867411070924,26.6856074286311,6.77310111272375,3.19343794123618,5.54027582658937,40.2298850574713,0,73.1143510772698,5.50432384296164,9.60770683414757,12.2741966800993,42.3391313409408,11.2523600349312,7.16379296228979,15.0276858353698,14.1244046171109,22.4492414451236,8.77746877505049,6.80099825700131,29.0756067915715
"Bacteria.Spirochaetes.Spirochaetes",33.9363787511803,34.5800988002823,27.8083750158002,68.9344700486762,9.04867411070924,26.6856074286311,6.77310111272375,3.19343794123618,5.54027582658937,40.2298850574713,0,73.1143510772698,5.50432384296164,9.60770683414757,12.2741966800993,42.3391313409408,11.2523600349312,7.16379296228979,15.0276858353698,14.1244046171109,22.4492414451236,8.77746877505049,6.80099825700131,29.0756067915715
"Bacteria.Spirochaetes.Spirochaetes.Spirochaetales",33.9363787511803,34.5800988002823,27.8083750158002,68.9344700486762,9.04867411070924,26.6856074286311,6.77310111272375,3.19343794123618,5.54027582658937,40.2298850574713,0,73.1143510772698,5.50432384296164,9.60770683414757,12.2741966800993,42.3391313409408,11.2523600349312,7.16379296228979,15.0276858353698,14.1244046171109,22.4492414451236,8.77746877505049,6.80099825700131,29.0756067915715
"Bacteria.Spirochaetes.Spirochaetes.Spirochaetales.Spirochaetaceae",33.9004577363603,34.5800988002823,27.8083750158002,68.9344700486762,9.04867411070924,26.6856074286311,6.77310111272375,3.19343794123618,5.54027582658937,40.2298850574713,0,73.0665482978796,5.50432384296164,9.60205524189219,12.2503517132609,42.3391313409408,11.2481816613571,7.16379296228979,15.0222724038729,14.1244046171109,22.4492414451236,8.77746877505049,6.80099825700131,29.0756067915715
"Bacteria.Spirochaetes.Spirochaetes.Spirochaetales.Spirochaetaceae.SpirochaetaceaeU",0,0,0,0,0,0,0,0,0,0,0,0,0,0,0,0,0,0,0,0,0,0,0,0
"Bacteria.Spirochaetes.Spirochaetes.Spirochaetales.Spirochaetaceae.Treponema",33.0293731269757,34.5800988002823,27.8083750158002,68.9344700486762,9.04867411070924,26.6856074286311,6.77310111272375,3.19343794123618,5.54027582658937,40.2298850574713,0,72.2060982688565,5.50432384296164,9.60205524189219,11.099832063305,42.3391313409408,11.2063979256166,7.16379296228979,15.0114455408791,14.1244046171109,22.4492414451236,8.77746877505049,6.80099825700131,29.0756067915715
"Bacteria.Spirochaetes.Spirochaetes.Spirochaetales.SpirochaetalesU",0,0,0,0,0,0,0,0,0,0,0,0,0,0,0,0,0,0,0,0,0,0,0,0
"Bacteria.Spirochaetes.Spirochaetes.Spirochaetales.SpirochaetalesU.SpirochaetalesUU",0,0,0,0,0,0,0,0,0,0,0,0,0,0,0,0,0,0,0,0,0,0,0,0
"Bacteria.SR1",1.79605074099922,0,5.05606818469095,0,0,28.0901130827695,0,0,0,0,0,1.19506948475433,0,0,5.961241709616,0.510110016155913,0,0.35818964811449,0,0,5.61347983624677,0,0,0
"Bacteria.SR1.SR1_genera_incertae_sedis",1.79605074099922,0,5.05606818469095,0,0,28.0901130827695,0,0,0,0,0,1.19506948475433,0,0,5.961241709616,0.510110016155913,0,0.35818964811449,0,0,5.61347983624677,0,0,0
"Bacteria.SR1.SR1_genera_incertae_sedis.SR1_genera_incertae_sedisU",0,0,0,0,0,0,0,0,0,0,0,0,0,0,0,0,0,0,0,0,0,0,0,0
"Bacteria.SR1.SR1_genera_incertae_sedis.SR1_genera_incertae_sedisU.SR1_genera_incertae_sedisUU",0,0,0,0,0,0,0,0,0,0,0,0,0,0,0,0,0,0,0,0,0,0,0,0
"Bacteria.SR1.SR1_genera_incertae_sedis.SR1_genera_incertae_sedisU.SR1_genera_incertae_sedisUU.SR1_genera_incertae_sedisUUU",0,0,0,0,0,0,0,0,0,0,0,0,0,0,0,0,0,0,0,0,0,0,0,0
"Bacteria.Synergistetes",0,0,0,0,0,0,0,0,0,0,0,6.19045993102742,0,0.457778972685855,0,0,1.10309062355063,0.716379296228979,1.84056670894299,0,0,0,0,2.4738098237419
"Bacteria.Synergistetes.Synergistia",0,0,0,0,0,0,0,0,0,0,0,6.19045993102742,0,0.457778972685855,0,0,1.10309062355063,0.716379296228979,1.84056670894299,0,0,0,0,2.4738098237419
"Bacteria.Synergistetes.Synergistia.Synergistales",0,0,0,0,0,0,0,0,0,0,0,6.19045993102742,0,0.457778972685855,0,0,1.10309062355063,0.716379296228979,1.84056670894299,0,0,0,0,2.4738098237419
"Bacteria.Synergistetes.Synergistia.Synergistales.Synergistaceae",0,0,0,0,0,0,0,0,0,0,0,6.19045993102742,0,0.457778972685855,0,0,1.10309062355063,0.716379296228979,1.84056670894299,0,0,0,0,2.4738098237419
"Bacteria.Synergistetes.Synergistia.Synergistales.Synergistaceae.Jonquetella",0,0,0,0,0,0,0,0,0,0,0,0,0,0,0,0,0,0.716379296228979,0,0,0,0,0,0
"Bacteria.Synergistetes.Synergistia.Synergistales.Synergistaceae.SynergistaceaeU",0,0,0,0,0,0,0,0,0,0,0,0,0,0,0,0,0,0,0,0,0,0,0,0
"Bacteria.Tenericutes",6.28617759349727,0,0,0,0,1.40450565413848,0,0,0,4.23472474289171,0,14.9383685594291,1.37608096074041,0,0.5961241709616,0,0.41783735740554,1.79094824057245,0,3.92344572697526,4.66386616394836,0.62696205536075,1.36019965140026,6.66832359039484
"Bacteria.Tenericutes.Mollicutes",6.28617759349727,0,0,0,0,1.40450565413848,0,0,0,4.23472474289171,0,14.9383685594291,1.37608096074041,0,0.5961241709616,0,0.41783735740554,1.79094824057245,0,3.92344572697526,4.66386616394836,0.62696205536075,1.36019965140026,6.66832359039484
"Bacteria.Tenericutes.Mollicutes.Anaeroplasmatales",0,0,0,0,0,0,0,0,0,0,0,0,0,0,0,0,0,0,0,0,0,0,0,0
"Bacteria.Tenericutes.Mollicutes.Anaeroplasmatales.Anaeroplasmataceae",0,0,0,0,0,0,0,0,0,0,0,0,0,0,0,0,0,0,0,0,0,0,0,0
"Bacteria.Tenericutes.Mollicutes.Anaeroplasmatales.Anaeroplasmataceae.Asteroleplasma",0,0,0,0,0,0,0,0,0,0,0,0,0,0,0,0,0,0,0,0,0,0,0,0
"Bacteria.Tenericutes.Mollicutes.MollicutesU",0,0,0,0,0,0,0,0,0,0,0,0,0,0,0,0,0,0,0,0,0,0,0,0
"Bacteria.Tenericutes.Mollicutes.MollicutesU.MollicutesUU",0,0,0,0,0,0,0,0,0,0,0,0,0,0,0,0,0,0,0,0,0,0,0,0
"Bacteria.Tenericutes.Mollicutes.MollicutesU.MollicutesUU.MollicutesUUU",0,0,0,0,0,0,0,0,0,0,0,0,0,0,0,0,0,0,0,0,0,0,0,0
"Bacteria.Tenericutes.Mollicutes.Mycoplasmatales",6.28617759349727,0,0,0,0,1.40450565413848,0,0,0,4.23472474289171,0,14.9383685594291,1.37608096074041,0,0.5961241709616,0,0.41783735740554,1.79094824057245,0,3.92344572697526,4.66386616394836,0.62696205536075,1.36019965140026,6.66832359039484
"Bacteria.Tenericutes.Mollicutes.Mycoplasmatales.Mycoplasmataceae",6.28617759349727,0,0,0,0,1.40450565413848,0,0,0,4.23472474289171,0,14.9383685594291,1.37608096074041,0,0.5961241709616,0,0.41783735740554,1.79094824057245,0,3.92344572697526,4.66386616394836,0.62696205536075,1.36019965140026,6.66832359039484
"Bacteria.Tenericutes.Mollicutes.Mycoplasmatales.Mycoplasmataceae.Mycoplasma",6.28617759349727,0,0,0,0,1.40450565413848,0,0,0,4.23472474289171,0,14.9383685594291,1.37608096074041,0,0.5961241709616,0,0.41783735740554,1.79094824057245,0,3.92344572697526,4.66386616394836,0.62696205536075,1.36019965140026,6.66832359039484
"Bacteria.TM7",2.69407611149883,39.5201129146083,7.58410227703642,22.9781566828921,34.3849616206951,43.5396752782928,1.69327527818094,3.19343794123618,5.54027582658937,0,1.8077002867357,8.95107044080992,2.75216192148082,0.565159225538092,34.5752019157728,44.8896814217204,35.0983380220654,6.0713145355406,1.08268629937823,1.5693782907901,25.2606592631105,6.89658260896825,6.80099825700131,0.905633654163702
"Bacteria.TM7.TM7_genera_incertae_sedis",2.69407611149883,39.5201129146083,7.58410227703642,22.9781566828921,34.3849616206951,43.5396752782928,1.69327527818094,3.19343794123618,5.54027582658937,0,1.8077002867357,8.95107044080992,2.75216192148082,0.565159225538092,34.5752019157728,44.8896814217204,35.0983380220654,6.0713145355406,1.08268629937823,1.5693782907901,25.2606592631105,6.89658260896825,6.80099825700131,0.905633654163702
"Bacteria.TM7.TM7_genera_incertae_sedis.TM7_genera_incertae_sedisU",0,0,0,0,0,0,0,0,0,0,0,0,0,0,0,0,0,0,0,0,0,0,0,0
"Bacteria.TM7.TM7_genera_incertae_sedis.TM7_genera_incertae_sedisU.TM7_genera_incertae_sedisUU",0,0,0,0,0,0,0,0,0,0,0,0,0,0,0,0,0,0,0,0,0,0,0,0
"Bacteria.TM7.TM7_genera_incertae_sedis.TM7_genera_incertae_sedisU.TM7_genera_incertae_sedisUU.TM7_genera_incertae_sedisUUU",0,0,0,0,0,0,0,0,0,0,0,0,0,0,0,0,0,0,0,0,0,0,0,0
"Bacteria.Verrucomicrobia",0,0,0,0,0,0,0,0,0,0,0,0,0,0,0,0,0,0,2.16537259875646,0,0,0,0,0
"Bacteria.Verrucomicrobia.Opitutae",0,0,0,0,0,0,0,0,0,0,0,0,0,0,0,0,0,0,2.16537259875646,0,0,0,0,0
"Bacteria.Verrucomicrobia.Opitutae.Puniceicoccales",0,0,0,0,0,0,0,0,0,0,0,0,0,0,0,0,0,0,2.14371887276889,0,0,0,0,0
"Bacteria.Verrucomicrobia.Opitutae.Puniceicoccales.Puniceicoccaceae",0,0,0,0,0,0,0,0,0,0,0,0,0,0,0,0,0,0,2.14371887276889,0,0,0,0,0
"Bacteria.Verrucomicrobia.Opitutae.Puniceicoccales.Puniceicoccaceae.Coraliomargarita",0,0,0,0,0,0,0,0,0,0,0,0,0,0,0,0,0,0,0.449314814241965,0,0,0,0,0
"Bacteria.Verrucomicrobia.Opitutae.Puniceicoccales.Puniceicoccaceae.PuniceicoccaceaeU",0,0,0,0,0,0,0,0,0,0,0,0,0,0,0,0,0,0,0,0,0,0,0,0
"Bacteria.Verrucomicrobia.Verrucomicrobiae",0,0,0,0,0,0,0,0,0,0,0,0,0,0,0,0,0,0,0,0,0,0,0,0
"Bacteria.Verrucomicrobia.Verrucomicrobiae.Verrucomicrobiales",0,0,0,0,0,0,0,0,0,0,0,0,0,0,0,0,0,0,0,0,0,0,0,0
"Bacteria.Verrucomicrobia.Verrucomicrobiae.Verrucomicrobiales.Verrucomicrobiaceae",0,0,0,0,0,0,0,0,0,0,0,0,0,0,0,0,0,0,0,0,0,0,0,0
"Bacteria.Verrucomicrobia.Verrucomicrobiae.Verrucomicrobiales.Verrucomicrobiaceae.Akkermansia",0,0,0,0,0,0,0,0,0,0,0,0,0,0,0,0,0,0,0,0,0,0,0,0
